stragety_id,cur_Price,volume,usable_Cash,total_Price,datetime
555665746e955230ea000001,7.659210999999999,0.0,10000.0,10000.0,2012-01-04 00:00:00
555665746e955230ea000001,7.775412749999999,0.0,10000.0,10000.0,2012-01-05 00:00:00
555665746e955230ea000001,7.755203749999999,0.0,10000.0,10000.0,2012-01-06 00:00:00
555665746e955230ea000001,7.972450499999998,0.0,10000.0,10000.0,2012-01-09 00:00:00
555665746e955230ea000001,7.972450499999998,100.0,9202.75495,10000.0,2012-01-10 00:00:00
555665746e955230ea000001,8.4776755,100.0,9202.75495,10050.522500000001,2012-01-20 00:00:00
555665746e955230ea000001,8.44230975,100.0,9202.75495,10046.985925,2012-01-30 00:00:00
555665746e955230ea000001,8.406944,200.0,8362.06055,10043.44935,2012-01-31 00:00:00
555665746e955230ea000001,8.310951249999999,300.0,7530.965425,10024.2508,2012-02-01 00:00:00
555665746e955230ea000001,8.548407,300.0,7530.965425,10095.487525,2012-02-02 00:00:00
555665746e955230ea000001,8.583772749999998,400.0,6672.5881500000005,10106.097249999999,2012-02-03 00:00:00
555665746e955230ea000001,8.583772749999998,500.0,5814.210875000001,10106.097249999999,2012-02-04 00:00:00
555665746e955230ea000001,8.502936749999998,500.0,5814.210875000001,10065.679250000001,2012-02-06 00:00:00
555665746e955230ea000001,8.38168275,400.0,6652.379150000001,10005.05225,2012-02-07 00:00:00
555665746e955230ea000001,8.538302499999999,300.0,7506.209400000001,10067.70015,2012-02-08 00:00:00
555665746e955230ea000001,8.538302499999999,200.0,8360.03965,10067.70015,2012-02-09 00:00:00
555665746e955230ea000001,8.543354749999999,200.0,8360.03965,10068.7106,2012-02-10 00:00:00
555665746e955230ea000001,8.427152999999999,200.0,8360.03965,10045.47025,2012-02-13 00:00:00
555665746e955230ea000001,8.386735,200.0,8360.03965,10037.38665,2012-02-14 00:00:00
555665746e955230ea000001,8.396839499999999,100.0,9199.723600000001,10039.407550000002,2012-02-15 00:00:00
555665746e955230ea000001,8.310951249999999,100.0,9199.723600000001,10030.818725000001,2012-02-16 00:00:00
555665746e955230ea000001,8.310951249999999,0.0,10030.818725000001,10030.818725000001,2012-02-17 00:00:00
555665746e955230ea000001,8.310951249999999,0.0,10030.818725000001,10030.818725000001,2012-02-20 00:00:00
555665746e955230ea000001,8.331160249999998,0.0,10030.818725000001,10030.818725000001,2012-02-21 00:00:00
555665746e955230ea000001,8.396839499999999,100.0,9191.134775,10030.818725000001,2012-02-22 00:00:00
555665746e955230ea000001,8.401891749999999,100.0,9191.134775,10031.32395,2012-02-23 00:00:00
555665746e955230ea000001,8.52314575,100.0,9191.134775,10043.44935,2012-02-24 00:00:00
555665746e955230ea000001,8.548407,100.0,9191.134775,10045.975475000001,2012-02-27 00:00:00
555665746e955230ea000001,8.715131249999999,100.0,9191.134775,10062.6479,2012-02-28 00:00:00
555665746e955230ea000001,8.6393475,0.0,10055.069525,10055.069525,2012-02-29 00:00:00
555665746e955230ea000001,8.705026749999998,0.0,10055.069525,10055.069525,2012-03-01 00:00:00
555665746e955230ea000001,8.831332999999999,0.0,10055.069525,10055.069525,2012-03-02 00:00:00
555665746e955230ea000001,8.725235749999998,0.0,10055.069525,10055.069525,2012-03-05 00:00:00
555665746e955230ea000001,8.563563749999998,0.0,10055.069525,10055.069525,2012-03-06 00:00:00
555665746e955230ea000001,8.487779999999999,0.0,10055.069525,10055.069525,2012-03-07 00:00:00
555665746e955230ea000001,8.603981749999999,0.0,10055.069525,10055.069525,2012-03-08 00:00:00
555665746e955230ea000001,8.52314575,0.0,10055.069525,10055.069525,2012-03-09 00:00:00
555665746e955230ea000001,8.437257499999998,0.0,10055.069525,10055.069525,2012-03-12 00:00:00
555665746e955230ea000001,8.513041249999999,0.0,10055.069525,10055.069525,2012-03-13 00:00:00
555665746e955230ea000001,8.326108,0.0,10055.069525,10055.069525,2012-03-14 00:00:00
555665746e955230ea000001,8.20990625,0.0,10055.069525,10055.069525,2012-03-15 00:00:00
555665746e955230ea000001,8.285689999999999,0.0,10055.069525,10055.069525,2012-03-16 00:00:00
555665746e955230ea000001,8.260428749999999,0.0,10055.069525,10055.069525,2012-03-19 00:00:00
555665746e955230ea000001,8.11896575,0.0,10055.069525,10055.069525,2012-03-20 00:00:00
555665746e955230ea000001,8.1341225,0.0,10055.069525,10055.069525,2012-03-21 00:00:00
555665746e955230ea000001,8.17959275,0.0,10055.069525,10055.069525,2012-03-22 00:00:00
555665746e955230ea000001,8.088652249999999,0.0,10055.069525,10055.069525,2012-03-23 00:00:00
555665746e955230ea000001,8.103808999999998,0.0,10055.069525,10055.069525,2012-03-26 00:00:00
555665746e955230ea000001,8.11896575,0.0,10055.069525,10055.069525,2012-03-27 00:00:00
555665746e955230ea000001,7.972450499999998,0.0,10055.069525,10055.069525,2012-03-28 00:00:00
555665746e955230ea000001,7.866353249999999,0.0,10055.069525,10055.069525,2012-03-29 00:00:00
555665746e955230ea000001,7.9370847499999995,0.0,10055.069525,10055.069525,2012-03-30 00:00:00
555665746e955230ea000001,7.952241499999999,0.0,10055.069525,10055.069525,2012-04-05 00:00:00
555665746e955230ea000001,8.078547749999998,0.0,10055.069525,10055.069525,2012-04-06 00:00:00
555665746e955230ea000001,7.957293749999999,0.0,10055.069525,10055.069525,2012-04-09 00:00:00
555665746e955230ea000001,8.022972999999999,0.0,10055.069525,10055.069525,2012-04-10 00:00:00
555665746e955230ea000001,7.997711749999999,0.0,10055.069525,10055.069525,2012-04-11 00:00:00
555665746e955230ea000001,8.250324249999998,0.0,10055.069525,10055.069525,2012-04-12 00:00:00
555665746e955230ea000001,8.2351675,0.0,10055.069525,10055.069525,2012-04-13 00:00:00
555665746e955230ea000001,8.174540499999999,0.0,10055.069525,10055.069525,2012-04-16 00:00:00
555665746e955230ea000001,8.078547749999998,0.0,10055.069525,10055.069525,2012-04-17 00:00:00
555665746e955230ea000001,8.2149585,0.0,10055.069525,10055.069525,2012-04-18 00:00:00
555665746e955230ea000001,8.265480999999998,100.0,9228.521425,10055.069525,2012-04-19 00:00:00
555665746e955230ea000001,8.376630499999997,100.0,9228.521425,10066.184475,2012-04-20 00:00:00
555665746e955230ea000001,8.2957945,100.0,9228.521425,10058.100875,2012-04-23 00:00:00
555665746e955230ea000001,8.467571,100.0,9228.521425,10075.278525000002,2012-04-24 00:00:00
555665746e955230ea000001,8.518093499999999,100.0,9228.521425,10080.330775,2012-04-25 00:00:00
555665746e955230ea000001,8.376630499999997,100.0,9228.521425,10066.184475,2012-04-26 00:00:00
555665746e955230ea000001,8.366525999999999,100.0,9228.521425,10065.174025,2012-04-27 00:00:00
555665746e955230ea000001,8.4776755,100.0,9228.521425,10076.288975000001,2012-05-02 00:00:00
555665746e955230ea000001,8.401891749999999,200.0,8388.332250000001,10068.7106,2012-05-03 00:00:00
555665746e955230ea000001,8.44230975,300.0,7544.101275000001,10076.7942,2012-05-04 00:00:00
555665746e955230ea000001,8.44230975,400.0,6699.8703000000005,10076.7942,2012-05-05 00:00:00
555665746e955230ea000001,8.386735,400.0,6699.8703000000005,10054.5643,2012-05-07 00:00:00
555665746e955230ea000001,8.356421499999998,500.0,5864.228150000001,10042.438900000001,2012-05-08 00:00:00
555665746e955230ea000001,8.164435999999998,400.0,6680.67175,9946.44615,2012-05-09 00:00:00
555665746e955230ea000001,8.149279249999998,300.0,7495.599675,9940.38345,2012-05-10 00:00:00
555665746e955230ea000001,8.0937045,200.0,8304.970125,9923.711025,2012-05-11 00:00:00
555665746e955230ea000001,8.0937045,100.0,9114.340575,9923.711025,2012-05-12 00:00:00
555665746e955230ea000001,8.053286499999999,100.0,9114.340575,9919.669225,2012-05-14 00:00:00
555665746e955230ea000001,8.0937045,100.0,9114.340575,9923.711025,2012-05-15 00:00:00
555665746e955230ea000001,7.962345999999998,0.0,9910.575175,9910.575175,2012-05-16 00:00:00
555665746e955230ea000001,8.053286499999999,0.0,9910.575175,9910.575175,2012-05-17 00:00:00
555665746e955230ea000001,7.942136999999999,0.0,9910.575175,9910.575175,2012-05-18 00:00:00
555665746e955230ea000001,7.967398249999999,0.0,9910.575175,9910.575175,2012-05-21 00:00:00
555665746e955230ea000001,8.06844325,0.0,9910.575175,9910.575175,2012-05-22 00:00:00
555665746e955230ea000001,7.9370847499999995,0.0,9910.575175,9910.575175,2012-05-24 00:00:00
555665746e955230ea000001,7.891614499999998,0.0,9910.575175,9910.575175,2012-05-25 00:00:00
555665746e955230ea000001,7.987607249999999,0.0,9910.575175,9910.575175,2012-05-28 00:00:00
555665746e955230ea000001,8.048234249999998,100.0,9105.75175,9910.575175,2012-05-29 00:00:00
555665746e955230ea000001,8.048234249999998,200.0,8300.928324999999,9910.575174999998,2012-05-30 00:00:00
555665746e955230ea000001,7.926980249999999,100.0,9093.626349999999,9886.324374999998,2012-05-31 00:00:00
555665746e955230ea000001,7.972450499999998,200.0,8296.3813,9890.871399999998,2012-06-01 00:00:00
555665746e955230ea000001,7.780464999999999,200.0,8296.3813,9852.474299999998,2012-06-04 00:00:00
555665746e955230ea000001,7.709733499999999,100.0,9067.35465,9838.328,2012-06-05 00:00:00
555665746e955230ea000001,7.740046999999999,0.0,9841.359349999999,9841.359349999999,2012-06-06 00:00:00
555665746e955230ea000001,7.684472249999999,0.0,9841.359349999999,9841.359349999999,2012-06-07 00:00:00
555665746e955230ea000001,7.482382249999999,0.0,9841.359349999999,9841.359349999999,2012-06-08 00:00:00
555665746e955230ea000001,7.472277749999998,0.0,9841.359349999999,9841.359349999999,2012-06-11 00:00:00
555665746e955230ea000001,7.340919249999999,0.0,9841.359349999999,9841.359349999999,2012-06-12 00:00:00
555665746e955230ea000001,7.497538999999999,0.0,9841.359349999999,9841.359349999999,2012-06-13 00:00:00
555665746e955230ea000001,7.396493999999999,0.0,9841.359349999999,9841.359349999999,2012-06-14 00:00:00
555665746e955230ea000001,7.659210999999999,0.0,9841.359349999999,9841.359349999999,2012-06-15 00:00:00
555665746e955230ea000001,7.684472249999999,0.0,9841.359349999999,9841.359349999999,2012-06-18 00:00:00
555665746e955230ea000001,7.704681249999999,0.0,9841.359349999999,9841.359349999999,2012-06-19 00:00:00
555665746e955230ea000001,7.694576749999999,100.0,9071.901675,9841.359349999999,2012-06-20 00:00:00
555665746e955230ea000001,7.527852499999999,100.0,9071.901675,9824.686924999998,2012-06-21 00:00:00
555665746e955230ea000001,7.527852499999999,0.0,9824.686924999998,9824.686924999998,2012-06-22 00:00:00
555665746e955230ea000001,7.462173249999998,0.0,9824.686924999998,9824.686924999998,2012-06-25 00:00:00
555665746e955230ea000001,7.462173249999998,100.0,9078.469599999999,9824.686924999998,2012-06-26 00:00:00
555665746e955230ea000001,7.507643499999999,200.0,8327.705249999999,9829.233949999998,2012-06-27 00:00:00
555665746e955230ea000001,7.507643499999999,300.0,7576.9409,9829.23395,2012-06-28 00:00:00
555665746e955230ea000001,7.659210999999999,400.0,6811.0198,9874.7042,2012-06-29 00:00:00
555665746e955230ea000001,7.659210999999999,500.0,6045.0987000000005,9874.7042,2012-06-30 00:00:00
555665746e955230ea000001,7.654158749999999,500.0,6045.0987000000005,9872.178075,2012-07-02 00:00:00
555665746e955230ea000001,7.644054249999999,600.0,5280.6932750000005,9867.125825,2012-07-03 00:00:00
555665746e955230ea000001,7.719837999999998,700.0,4508.709475000001,9912.596075,2012-07-04 00:00:00
555665746e955230ea000001,7.674367749999998,800.0,3741.272700000001,9880.766899999999,2012-07-05 00:00:00
555665746e955230ea000001,7.649106499999999,900.0,2976.362050000001,9860.5579,2012-07-06 00:00:00
555665746e955230ea000001,7.649106499999999,1000.0,2211.4514000000013,9860.5579,2012-07-07 00:00:00
555665746e955230ea000001,7.431859749999999,1000.0,2211.4514000000013,9643.311150000001,2012-07-09 00:00:00
555665746e955230ea000001,7.532904749999999,1100.0,1458.1609250000015,9744.356150000001,2012-07-10 00:00:00
555665746e955230ea000001,7.507643499999999,1200.0,707.3965750000017,9716.568775000002,2012-07-11 00:00:00
555665746e955230ea000001,7.517747999999999,1300.0,-44.378224999998224,9728.694175,2012-07-12 00:00:00
555665746e955230ea000001,7.568270499999999,1400.0,-801.2052749999981,9794.373425,2012-07-13 00:00:00
555665746e955230ea000001,7.568270499999999,1500.0,-1558.0323249999979,9794.373425,2012-07-14 00:00:00
555665746e955230ea000001,7.502591249999998,1500.0,-1558.0323249999979,9695.854549999998,2012-07-16 00:00:00
555665746e955230ea000001,7.593531749999999,1600.0,-2317.3854999999976,9832.2653,2012-07-17 00:00:00
555665746e955230ea000001,7.583427249999999,1700.0,-3075.7282249999976,9816.098100000001,2012-07-18 00:00:00
555665746e955230ea000001,7.588479499999998,1800.0,-3834.5761749999974,9824.686924999998,2012-07-19 00:00:00
555665746e955230ea000001,7.502591249999998,1900.0,-4584.835299999997,9670.088075,2012-07-20 00:00:00
555665746e955230ea000001,7.502591249999998,1800.0,-3834.5761749999974,9670.088075,2012-07-21 00:00:00
555665746e955230ea000001,7.482382249999999,1800.0,-3834.5761749999974,9633.711875,2012-07-23 00:00:00
555665746e955230ea000001,7.477329999999999,1900.0,-4582.309174999998,9624.617825000001,2012-07-24 00:00:00
555665746e955230ea000001,7.477329999999999,2000.0,-5330.042174999998,9624.617825000001,2012-07-25 00:00:00
555665746e955230ea000001,7.401546249999999,2100.0,-6070.196799999998,9473.050325,2012-07-26 00:00:00
555665746e955230ea000001,7.452068749999999,2200.0,-6815.403674999998,9579.147574999999,2012-07-27 00:00:00
555665746e955230ea000001,7.452068749999999,2100.0,-6070.196799999998,9579.147574999999,2012-07-28 00:00:00
555665746e955230ea000001,7.502591249999998,2100.0,-6070.196799999998,9685.244824999998,2012-07-30 00:00:00
555665746e955230ea000001,7.628897499999999,2200.0,-6833.086549999998,9950.48795,2012-07-31 00:00:00
555665746e955230ea000001,7.659210999999999,2300.0,-7599.007649999998,10017.17765,2012-08-01 00:00:00
555665746e955230ea000001,7.659210999999999,2400.0,-8364.928749999997,10017.17765,2012-08-02 00:00:00
555665746e955230ea000001,7.654158749999999,2500.0,-9130.344624999998,10005.05225,2012-08-03 00:00:00
555665746e955230ea000001,7.654158749999999,2600.0,-9895.760499999999,10005.052249999999,2012-08-04 00:00:00
555665746e955230ea000001,7.628897499999999,2600.0,-9895.760499999999,9939.372999999998,2012-08-06 00:00:00
555665746e955230ea000001,7.558165999999999,2700.0,-10651.577099999999,9755.471099999999,2012-08-07 00:00:00
555665746e955230ea000001,7.598583999999998,2800.0,-11411.435499999998,9864.599699999997,2012-08-08 00:00:00
555665746e955230ea000001,7.598583999999998,2900.0,-12171.293899999997,9864.599699999999,2012-08-09 00:00:00
555665746e955230ea000001,7.618792999999999,2900.0,-12171.293899999997,9923.2058,2012-08-10 00:00:00
555665746e955230ea000001,7.593531749999999,2900.0,-12171.293899999997,9849.948174999998,2012-08-13 00:00:00
555665746e955230ea000001,7.709733499999999,2900.0,-12171.293899999997,10186.933249999998,2012-08-14 00:00:00
555665746e955230ea000001,7.628897499999999,2900.0,-12171.293899999997,9952.508849999998,2012-08-15 00:00:00
555665746e955230ea000001,7.532904749999999,2900.0,-12171.293899999997,9674.129875000002,2012-08-16 00:00:00
555665746e955230ea000001,7.6086884999999995,2900.0,-12171.293899999997,9893.902750000001,2012-08-17 00:00:00
555665746e955230ea000001,7.502591249999998,2900.0,-12171.293899999997,9586.220725,2012-08-20 00:00:00
555665746e955230ea000001,7.472277749999998,2900.0,-12171.293899999997,9498.311574999996,2012-08-21 00:00:00
555665746e955230ea000001,7.411650749999999,2900.0,-12171.293899999997,9322.493275,2012-08-22 00:00:00
555665746e955230ea000001,7.386389499999998,2900.0,-12171.293899999997,9249.235649999999,2012-08-23 00:00:00
555665746e955230ea000001,7.260083249999998,2900.0,-12171.293899999997,8882.947525,2012-08-24 00:00:00
555665746e955230ea000001,7.260083249999998,2800.0,-11445.285574999998,8882.947524999996,2012-08-25 00:00:00
555665746e955230ea000001,7.128724749999999,2800.0,-11445.285574999998,8515.143724999998,2012-08-27 00:00:00
555665746e955230ea000001,7.260083249999998,2700.0,-10719.27725,8882.947524999996,2012-08-28 00:00:00
555665746e955230ea000001,7.260083249999998,2600.0,-9993.268925,8882.947524999996,2012-08-29 00:00:00
555665746e955230ea000001,7.214612999999998,2500.0,-9271.807625000001,8764.724874999993,2012-08-30 00:00:00
555665746e955230ea000001,7.214612999999998,2400.0,-8550.346325000002,8764.724874999993,2012-08-31 00:00:00
555665746e955230ea000001,7.169142749999999,2300.0,-7833.432050000002,8655.596274999993,2012-09-01 00:00:00
555665746e955230ea000001,7.1792472499999995,2300.0,-7833.432050000002,8678.836624999996,2012-09-03 00:00:00
555665746e955230ea000001,7.007470749999999,2200.0,-7132.684975000002,8283.750674999996,2012-09-04 00:00:00
555665746e955230ea000001,6.881164499999999,2100.0,-6444.568525000002,8005.876924999995,2012-09-05 00:00:00
555665746e955230ea000001,6.881164499999999,2000.0,-5756.452075000003,8005.876924999995,2012-09-06 00:00:00
555665746e955230ea000001,7.1792472499999995,1900.0,-5038.527350000003,8602.042424999996,2012-09-07 00:00:00
555665746e955230ea000001,7.1792472499999995,2000.0,-5756.452075000003,8602.042424999996,2012-09-08 00:00:00
555665746e955230ea000001,7.108515749999999,2000.0,-5756.452075000003,8460.579424999994,2012-09-10 00:00:00
555665746e955230ea000001,7.083254499999999,2100.0,-6464.777525000003,8410.056924999995,2012-09-11 00:00:00
555665746e955230ea000001,7.063045499999999,2000.0,-5758.472975000003,8367.618024999996,2012-09-12 00:00:00
555665746e955230ea000001,7.017575249999999,1900.0,-5056.715450000003,8276.677524999996,2012-09-13 00:00:00
555665746e955230ea000001,7.098411249999999,1800.0,-4346.874325000003,8430.265924999996,2012-09-14 00:00:00
555665746e955230ea000001,7.098411249999999,1900.0,-5056.715450000003,8430.265924999994,2012-09-15 00:00:00
555665746e955230ea000001,6.926634749999999,1900.0,-5056.715450000003,8103.890574999994,2012-09-17 00:00:00
555665746e955230ea000001,6.825589749999999,1800.0,-4374.156475000003,7911.905074999995,2012-09-18 00:00:00
555665746e955230ea000001,6.825589749999999,1700.0,-3691.5975000000035,7911.905074999995,2012-09-19 00:00:00
555665746e955230ea000001,6.572977249999999,1800.0,-4348.895225000004,7482.463824999995,2012-09-20 00:00:00
555665746e955230ea000001,6.507298,1700.0,-3698.165425000004,7364.241174999995,2012-09-21 00:00:00
555665746e955230ea000001,6.507298,1600.0,-3047.4356250000037,7364.241174999996,2012-09-22 00:00:00
555665746e955230ea000001,6.522454749999999,1600.0,-3047.4356250000037,7388.4919749999935,2012-09-24 00:00:00
555665746e955230ea000001,6.436566499999999,1500.0,-2403.778975000004,7251.070774999994,2012-09-25 00:00:00
555665746e955230ea000001,6.436566499999999,1400.0,-1760.122325000004,7251.070774999995,2012-09-26 00:00:00
555665746e955230ea000001,6.386043999999999,1300.0,-1121.517925000004,7180.339274999995,2012-09-27 00:00:00
555665746e955230ea000001,6.633604249999999,1200.0,-458.157500000004,7502.167599999995,2012-09-28 00:00:00
555665746e955230ea000001,6.633604249999999,1100.0,205.20292499999596,7502.167599999995,2012-09-29 00:00:00
555665746e955230ea000001,6.547715999999999,1100.0,205.20292499999596,7407.690524999995,2012-10-08 00:00:00
555665746e955230ea000001,6.714440249999998,1000.0,876.6469499999957,7591.087199999994,2012-10-09 00:00:00
555665746e955230ea000001,6.714440249999998,1100.0,205.20292499999596,7591.087199999994,2012-10-10 00:00:00
555665746e955230ea000001,6.714440249999998,1200.0,-466.2411000000038,7591.0871999999945,2012-10-11 00:00:00
555665746e955230ea000001,6.714440249999998,1300.0,-1137.6851250000036,7591.0871999999945,2012-10-12 00:00:00
555665746e955230ea000001,6.714440249999998,1400.0,-1809.1291500000034,7591.087199999994,2012-10-13 00:00:00
555665746e955230ea000001,6.6184474999999985,1400.0,-1809.1291500000034,7456.697349999994,2012-10-15 00:00:00
555665746e955230ea000001,6.6790745,1500.0,-2477.036600000003,7541.575149999997,2012-10-16 00:00:00
555665746e955230ea000001,6.749805999999999,1600.0,-3152.017200000003,7647.672399999995,2012-10-17 00:00:00
555665746e955230ea000001,6.825589749999999,1700.0,-3834.576175000003,7768.926399999996,2012-10-18 00:00:00
555665746e955230ea000001,6.83644749,1800.0,-4518.220924000003,7787.384557999998,2012-10-19 00:00:00
555665746e955230ea000001,6.83644749,1900.0,-5201.865673000003,7787.384557999997,2012-10-20 00:00:00
555665746e955230ea000001,6.856809210000001,1900.0,-5201.865673000003,7826.0718259999985,2012-10-22 00:00:00
555665746e955230ea000001,6.770271900000001,2000.0,-5878.892863000003,7661.6509369999985,2012-10-23 00:00:00
555665746e955230ea000001,6.76518147,2100.0,-6555.4110100000025,7651.470076999997,2012-10-24 00:00:00
555665746e955230ea000001,6.724458030000001,2200.0,-7227.856813000002,7565.950853,2012-10-25 00:00:00
555665746e955230ea000001,6.58192599,2300.0,-7886.049412000002,7252.380364999999,2012-10-26 00:00:00
555665746e955230ea000001,6.58192599,2400.0,-8544.242011000002,7252.380364999999,2012-10-27 00:00:00
555665746e955230ea000001,6.58701642,2400.0,-8544.242011000002,7264.597397,2012-10-29 00:00:00
555665746e955230ea000001,6.66337287,2500.0,-9210.579298000002,7447.852876999996,2012-10-30 00:00:00
555665746e955230ea000001,6.66337287,2600.0,-9876.916585000003,7447.8528769999975,2012-10-31 00:00:00
555665746e955230ea000001,6.6990058800000005,2700.0,-10546.817173000003,7540.4987029999975,2012-11-01 00:00:00
555665746e955230ea000001,6.88735179,2800.0,-11235.552352000002,8049.032659999997,2012-11-02 00:00:00
555665746e955230ea000001,6.88735179,2900.0,-11924.287531000002,8049.032660000001,2012-11-03 00:00:00
555665746e955230ea000001,6.92807523,2900.0,-11924.287531000002,8167.130635999998,2012-11-05 00:00:00
555665746e955230ea000001,6.912803940000001,3000.0,-12615.567925000001,8122.843895,2012-11-06 00:00:00
555665746e955230ea000001,6.8975326500000005,3100.0,-13305.32119,8077.030025000002,2012-11-07 00:00:00
555665746e955230ea000001,6.8975326500000005,3200.0,-13995.074455,8077.030025000002,2012-11-08 00:00:00
555665746e955230ea000001,6.810995340000001,3300.0,-14676.173989,7800.110633000002,2012-11-09 00:00:00
555665746e955230ea000001,6.83135706,3400.0,-15359.309695,7867.304308999999,2012-11-10 00:00:00
555665746e955230ea000001,6.93316566,3400.0,-15359.309695,8213.453549000002,2012-11-12 00:00:00
555665746e955230ea000001,6.83135706,3400.0,-15359.309695,7867.304308999999,2012-11-13 00:00:00
555665746e955230ea000001,6.810995340000001,3400.0,-15359.309695,7798.074461000004,2012-11-14 00:00:00
555665746e955230ea000001,6.69391545,3400.0,-15359.309695,7400.002835000003,2012-11-15 00:00:00
555665746e955230ea000001,6.6684633,3400.0,-15359.309695,7313.465525,2012-11-16 00:00:00
555665746e955230ea000001,6.66337287,3400.0,-15359.309695,7296.158062999999,2012-11-19 00:00:00
555665746e955230ea000001,6.658282440000001,3400.0,-15359.309695,7278.850601000002,2012-11-20 00:00:00
555665746e955230ea000001,6.7499101800000005,3400.0,-15359.309695,7590.384917000003,2012-11-21 00:00:00
555665746e955230ea000001,6.69391545,3400.0,-15359.309695,7400.002835000003,2012-11-22 00:00:00
555665746e955230ea000001,6.69391545,3300.0,-14689.91815,7400.002835000001,2012-11-23 00:00:00
555665746e955230ea000001,6.7499101800000005,3400.0,-15364.909168,7584.785444000003,2012-11-24 00:00:00
555665746e955230ea000001,6.683734590000001,3400.0,-15364.909168,7359.788438000005,2012-11-26 00:00:00
555665746e955230ea000001,6.70918674,3300.0,-14693.990494,7446.325748000001,2012-11-27 00:00:00
555665746e955230ea000001,6.66337287,3200.0,-14027.653207,7295.139976999999,2012-11-28 00:00:00
555665746e955230ea000001,6.66337287,3100.0,-13361.31592,7295.139977000001,2012-11-29 00:00:00
555665746e955230ea000001,6.515750400000001,3000.0,-12709.74088,6837.510320000003,2012-11-30 00:00:00
555665746e955230ea000001,6.515750400000001,2900.0,-12058.16584,6837.510320000003,2012-12-01 00:00:00
555665746e955230ea000001,6.39358008,2900.0,-12058.16584,6483.216392,2012-12-03 00:00:00
555665746e955230ea000001,6.4648461,2800.0,-11411.68123,6689.887850000001,2012-12-04 00:00:00
555665746e955230ea000001,6.816085770000001,2700.0,-10730.072653,7673.358926000004,2012-12-05 00:00:00
555665746e955230ea000001,6.87717093,2800.0,-11417.789745999999,7838.2888580000035,2012-12-06 00:00:00
555665746e955230ea000001,7.13678286,2900.0,-12131.468031999999,8565.202262,2012-12-07 00:00:00
555665746e955230ea000001,7.13678286,3000.0,-12845.146318,8565.202262000003,2012-12-08 00:00:00
555665746e955230ea000001,7.28949576,3000.0,-12845.146318,9023.340962000002,2012-12-10 00:00:00
555665746e955230ea000001,7.18259673,3000.0,-12845.146318,8702.643872,2012-12-11 00:00:00
555665746e955230ea000001,7.2487723200000005,3000.0,-12845.146318,8901.170642000001,2012-12-12 00:00:00
555665746e955230ea000001,7.157144580000001,3000.0,-12845.146318,8626.287422000001,2012-12-13 00:00:00
555665746e955230ea000001,7.72727274,3000.0,-12845.146318,10336.671902000002,2012-12-14 00:00:00
555665746e955230ea000001,7.72727274,3100.0,-13617.873592,10336.671902000002,2012-12-15 00:00:00
555665746e955230ea000001,7.7476344600000004,3100.0,-13617.873592,10399.793234,2012-12-17 00:00:00
555665746e955230ea000001,7.762905750000001,3200.0,-14394.164167,10447.134233000002,2012-12-18 00:00:00
555665746e955230ea000001,7.762905750000001,3300.0,-15170.454742000002,10447.134233,2012-12-19 00:00:00
555665746e955230ea000001,7.69163973,3400.0,-15939.618715000002,10211.956366999997,2012-12-20 00:00:00
555665746e955230ea000001,7.56946941,3500.0,-16696.565656000002,9796.577278999997,2012-12-21 00:00:00
555665746e955230ea000001,7.56946941,3600.0,-17453.512597,9796.577278999997,2012-12-22 00:00:00
555665746e955230ea000001,7.59492156,3600.0,-17453.512597,9888.205019,2012-12-24 00:00:00
555665746e955230ea000001,7.84435263,3600.0,-17453.512597,10786.156871,2012-12-25 00:00:00
555665746e955230ea000001,7.82399091,3700.0,-18235.911688,10712.854679,2012-12-26 00:00:00
555665746e955230ea000001,7.879985640000001,3800.0,-19023.910252,10920.035180000003,2012-12-27 00:00:00
555665746e955230ea000001,7.9410708,3900.0,-19818.017332000003,11152.158787999997,2012-12-28 00:00:00
555665746e955230ea000001,8.15486886,3900.0,-19818.017332000003,11985.971222,2012-12-31 00:00:00
555665746e955230ea000001,8.15486886,4000.0,-20633.504218000002,11985.971222,2013-01-01 00:00:00
555665746e955230ea000001,8.139597570000001,4000.0,-20633.504218000002,11924.886062000001,2013-01-04 00:00:00
555665746e955230ea000001,8.297400900000001,4000.0,-20633.504218000002,12556.099382,2013-01-07 00:00:00
555665746e955230ea000001,8.144688,4100.0,-21447.973018,11945.247782000002,2013-01-08 00:00:00
555665746e955230ea000001,8.07342198,4200.0,-22255.315216,11653.057100000002,2013-01-09 00:00:00
555665746e955230ea000001,8.07851241,4300.0,-23063.166457,11674.436906000003,2013-01-10 00:00:00
555665746e955230ea000001,8.07851241,4400.0,-23871.017698,11674.436905999999,2013-01-11 00:00:00
555665746e955230ea000001,7.91052822,4300.0,-23079.964876,10935.306470000003,2013-01-12 00:00:00
555665746e955230ea000001,8.69954487,4300.0,-23079.964876,14328.078065000002,2013-01-14 00:00:00
555665746e955230ea000001,8.96424723,4400.0,-23976.389599,15466.298212999998,2013-01-15 00:00:00
555665746e955230ea000001,9.07114626,4500.0,-24883.504224999997,15936.653945000005,2013-01-16 00:00:00
555665746e955230ea000001,9.03042282,4600.0,-25786.546506999995,15753.398465000002,2013-01-17 00:00:00
555665746e955230ea000001,9.33075819,4700.0,-26719.622325999997,17134.941166999997,2013-01-18 00:00:00
555665746e955230ea000001,9.33075819,4800.0,-27652.698145,17134.941167,2013-01-19 00:00:00
555665746e955230ea000001,10.0281471,4800.0,-27652.698145,20482.407935,2013-01-21 00:00:00
555665746e955230ea000001,10.42520064,4800.0,-27652.698145,22388.264927,2013-01-22 00:00:00
555665746e955230ea000001,10.20631215,4900.0,-28673.32936,21337.600175000003,2013-01-23 00:00:00
555665746e955230ea000001,9.90088635,5000.0,-29663.417995,19841.013755000004,2013-01-24 00:00:00
555665746e955230ea000001,9.74817345,5000.0,-29663.417995,19077.449254999996,2013-01-25 00:00:00
555665746e955230ea000001,9.74817345,5100.0,-30638.23534,19077.449255,2013-01-26 00:00:00
555665746e955230ea000001,10.72553601,5100.0,-30638.23534,24061.998311000003,2013-01-28 00:00:00
555665746e955230ea000001,10.88333934,5200.0,-31726.569273999998,24866.795294,2013-01-29 00:00:00
555665746e955230ea000001,10.88333934,5300.0,-32814.903207999996,24866.795293999996,2013-01-30 00:00:00
555665746e955230ea000001,10.740807300000002,5400.0,-33888.983938,24111.37548200001,2013-01-31 00:00:00
555665746e955230ea000001,11.41783449,5400.0,-33888.983938,27767.322308000003,2013-02-01 00:00:00
555665746e955230ea000001,11.41783449,5500.0,-35030.767387,27767.322308000003,2013-02-02 00:00:00
555665746e955230ea000001,11.204036430000002,5500.0,-35030.767387,26591.43297800001,2013-02-04 00:00:00
555665746e955230ea000001,11.086956540000001,5500.0,-35030.767387,25947.493583000003,2013-02-05 00:00:00
555665746e955230ea000001,11.12767998,5500.0,-35030.767387,26171.472502999997,2013-02-06 00:00:00
555665746e955230ea000001,10.61354655,5500.0,-35030.767387,23343.738638000003,2013-02-07 00:00:00
555665746e955230ea000001,10.56264225,5500.0,-35030.767387,23063.764987999995,2013-02-08 00:00:00
555665746e955230ea000001,10.56264225,5600.0,-36087.031612,23063.764988000003,2013-02-09 00:00:00
555665746e955230ea000001,10.6389987,5600.0,-36087.031612,23491.361108000005,2013-02-18 00:00:00
555665746e955230ea000001,10.59318483,5500.0,-35027.713128999996,23234.803436000002,2013-02-19 00:00:00
555665746e955230ea000001,10.3335729,5500.0,-35027.713128999996,21806.937821000007,2013-02-20 00:00:00
555665746e955230ea000001,10.3335729,5400.0,-33994.355838999996,21806.937821000007,2013-02-21 00:00:00
555665746e955230ea000001,9.9772428,5300.0,-32996.631558999994,19882.755281000012,2013-02-22 00:00:00
555665746e955230ea000001,9.73290216,5200.0,-32023.341342999993,18587.749889000006,2013-02-23 00:00:00
555665746e955230ea000001,10.185950430000002,5200.0,-32023.341342999993,20943.600893000017,2013-02-25 00:00:00
555665746e955230ea000001,10.61354655,5100.0,-30961.986687999994,23167.100717000012,2013-02-26 00:00:00
555665746e955230ea000001,10.70008386,5000.0,-29891.978301999992,23608.440998000002,2013-02-27 00:00:00
555665746e955230ea000001,10.70008386,4900.0,-28821.96991599999,23608.44099800001,2013-02-28 00:00:00
555665746e955230ea000001,11.73853158,5000.0,-29995.823073999993,28696.834826000006,2013-03-01 00:00:00
555665746e955230ea000001,11.73853158,5100.0,-31169.67623199999,28696.834826000013,2013-03-02 00:00:00
555665746e955230ea000001,11.07168525,5100.0,-31169.67623199999,25295.918543000007,2013-03-04 00:00:00
555665746e955230ea000001,12.18139899,5100.0,-31169.67623199999,30955.45861700001,2013-03-05 00:00:00
555665746e955230ea000001,12.344292750000001,5200.0,-32404.10550699999,31786.216793000018,2013-03-06 00:00:00
555665746e955230ea000001,12.084680819999999,5300.0,-33612.57358899999,30436.234757000006,2013-03-07 00:00:00
555665746e955230ea000001,11.63672298,5400.0,-34776.24588699999,28062.05820500001,2013-03-08 00:00:00
555665746e955230ea000001,11.63672298,5500.0,-35939.91818499999,28062.058205000016,2013-03-09 00:00:00
555665746e955230ea000001,11.51964309,5500.0,-35939.91818499999,27418.118810000014,2013-03-11 00:00:00
555665746e955230ea000001,11.05641396,5500.0,-35939.91818499999,24870.358595000012,2013-03-12 00:00:00
555665746e955230ea000001,11.244759870000001,5500.0,-35939.91818499999,25906.261100000018,2013-03-13 00:00:00
555665746e955230ea000001,11.03096181,5400.0,-34836.82200399999,24730.37177000002,2013-03-14 00:00:00
555665746e955230ea000001,11.3007546,5400.0,-34836.82200399999,26187.252836000007,2013-03-15 00:00:00
555665746e955230ea000001,11.3007546,5300.0,-33706.74654399999,26187.252836000007,2013-03-16 00:00:00
555665746e955230ea000001,10.868068050000002,5300.0,-33706.74654399999,23894.014121000022,2013-03-18 00:00:00
555665746e955230ea000001,10.9444245,5300.0,-33706.74654399999,24298.703306000018,2013-03-19 00:00:00
555665746e955230ea000001,11.7588933,5200.0,-32530.85721399999,28615.387946000017,2013-03-20 00:00:00
555665746e955230ea000001,11.687627280000001,5100.0,-31362.094485999987,28244.804642000017,2013-03-21 00:00:00
555665746e955230ea000001,11.72326029,5000.0,-30189.768456999987,28426.53299300002,2013-03-22 00:00:00
555665746e955230ea000001,11.72326029,4900.0,-29017.442427999988,28426.532993000015,2013-03-23 00:00:00
555665746e955230ea000001,11.585818680000001,4900.0,-29017.442427999988,27753.069104000017,2013-03-25 00:00:00
555665746e955230ea000001,11.27021202,4800.0,-27890.421225999988,26206.596470000015,2013-03-26 00:00:00
555665746e955230ea000001,11.27530245,4700.0,-26762.89098099999,26231.030534000012,2013-03-27 00:00:00
555665746e955230ea000001,10.191040860000001,4600.0,-25743.78689499999,21135.001061000017,2013-03-28 00:00:00
555665746e955230ea000001,10.24194516,4500.0,-24719.59237899999,21369.160841000008,2013-03-29 00:00:00
555665746e955230ea000001,10.24194516,4400.0,-23695.39786299999,21369.16084100001,2013-03-30 00:00:00
555665746e955230ea000001,10.37938677,4400.0,-23695.39786299999,21973.903925000006,2013-04-01 00:00:00
555665746e955230ea000001,10.404838920000001,4300.0,-22654.91397099999,22085.893385000014,2013-04-02 00:00:00
555665746e955230ea000001,10.40992935,4200.0,-21613.921035999992,22107.782234000013,2013-04-03 00:00:00
555665746e955230ea000001,10.40992935,4100.0,-20572.928100999994,22107.78223400001,2013-04-04 00:00:00
555665746e955230ea000001,10.145226990000001,4100.0,-20572.928100999994,21022.50255800001,2013-04-08 00:00:00
555665746e955230ea000001,10.15031742,4100.0,-20572.928100999994,21043.37332100001,2013-04-09 00:00:00
555665746e955230ea000001,9.875434199999999,4100.0,-20572.928100999994,19916.352119,2013-04-10 00:00:00
555665746e955230ea000001,9.88052463,4100.0,-20572.928100999994,19937.222882000005,2013-04-11 00:00:00
555665746e955230ea000001,9.6209127,4100.0,-20572.928100999994,18872.813969000006,2013-04-12 00:00:00
555665746e955230ea000001,9.44783808,4100.0,-20572.928100999994,18163.208027000004,2013-04-15 00:00:00
555665746e955230ea000001,9.544556250000001,4100.0,-20572.928100999994,18559.752524000014,2013-04-16 00:00:00
555665746e955230ea000001,9.412205069999999,4100.0,-20572.928100999994,18017.112686000004,2013-04-17 00:00:00
555665746e955230ea000001,9.722721300000002,4100.0,-20572.928100999994,19290.229229000015,2013-04-18 00:00:00
555665746e955230ea000001,10.30303032,4100.0,-20572.928100999994,21669.496211,2013-04-19 00:00:00
555665746e955230ea000001,10.29793989,4100.0,-20572.928100999994,21648.62544800001,2013-04-22 00:00:00
555665746e955230ea000001,9.71254044,4100.0,-20572.928100999994,19248.487703000003,2013-04-23 00:00:00
555665746e955230ea000001,9.875434199999999,4100.0,-20572.928100999994,19916.352119,2013-04-24 00:00:00
555665746e955230ea000001,9.58527969,4100.0,-20572.928100999994,18726.718628000006,2013-04-25 00:00:00
555665746e955230ea000001,9.5191041,4100.0,-20572.928100999994,18455.398709000005,2013-04-26 00:00:00
555665746e955230ea000001,9.62600313,4100.0,-20572.928100999994,18893.684732000012,2013-05-02 00:00:00
555665746e955230ea000001,10.043418390000001,4100.0,-20572.928100999994,20605.08729800001,2013-05-03 00:00:00
555665746e955230ea000001,10.33866333,4100.0,-20572.928100999994,21815.591552,2013-05-06 00:00:00
555665746e955230ea000001,10.30812075,4100.0,-20572.928100999994,21690.366974000008,2013-05-07 00:00:00
555665746e955230ea000001,10.37429634,4100.0,-20572.928100999994,21961.68689300001,2013-05-08 00:00:00
555665746e955230ea000001,10.24703559,4100.0,-20572.928100999994,21439.917818000005,2013-05-09 00:00:00
555665746e955230ea000001,10.277578170000002,4100.0,-20572.928100999994,21565.142396000014,2013-05-10 00:00:00
555665746e955230ea000001,10.140136560000002,4100.0,-20572.928100999994,21001.631795000012,2013-05-13 00:00:00
555665746e955230ea000001,9.81943947,4100.0,-20572.928100999994,19686.77372600001,2013-05-14 00:00:00
555665746e955230ea000001,9.8245299,4100.0,-20572.928100999994,19707.644489000002,2013-05-15 00:00:00
555665746e955230ea000001,10.33866333,4100.0,-20572.928100999994,21815.591552,2013-05-16 00:00:00
555665746e955230ea000001,10.37938677,4100.0,-20572.928100999994,21982.557656000008,2013-05-17 00:00:00
555665746e955230ea000001,10.67972214,4100.0,-20572.928100999994,23213.932673000007,2013-05-20 00:00:00
555665746e955230ea000001,10.740807300000002,4100.0,-20572.928100999994,23464.381829000016,2013-05-21 00:00:00
555665746e955230ea000001,10.77134988,4100.0,-20572.928100999994,23589.60640700001,2013-05-22 00:00:00
555665746e955230ea000001,10.44556236,4100.0,-20572.928100999994,22253.87757500001,2013-05-23 00:00:00
555665746e955230ea000001,10.532099670000001,4100.0,-20572.928100999994,22608.680546000007,2013-05-24 00:00:00
555665746e955230ea000001,10.394658060000001,4100.0,-20572.928100999994,22045.169945000012,2013-05-27 00:00:00
555665746e955230ea000001,10.995328800000001,4100.0,-20572.928100999994,24507.91997900001,2013-05-28 00:00:00
555665746e955230ea000001,10.832435040000002,4100.0,-20572.928100999994,23840.055563000013,2013-05-29 00:00:00
555665746e955230ea000001,10.7917116,4200.0,-21652.099260999996,23673.089459000003,2013-05-30 00:00:00
555665746e955230ea000001,10.68481257,4300.0,-22720.580517999995,23224.113533000003,2013-05-31 00:00:00
555665746e955230ea000001,10.68481257,4400.0,-23789.061774999995,23224.113533000003,2013-06-01 00:00:00
555665746e955230ea000001,10.644089130000001,4400.0,-23789.061774999995,23044.93039700001,2013-06-03 00:00:00
555665746e955230ea000001,10.75607859,4500.0,-24864.669633999994,23537.684021000005,2013-06-04 00:00:00
555665746e955230ea000001,10.59318483,4600.0,-25923.988116999994,22804.66210100001,2013-06-05 00:00:00
555665746e955230ea000001,10.24703559,4700.0,-26948.691675999995,21212.375597000006,2013-06-06 00:00:00
555665746e955230ea000001,9.941609790000001,4800.0,-27942.852654999995,19776.87433700001,2013-06-07 00:00:00
555665746e955230ea000001,9.941609790000001,4700.0,-26948.691675999995,19776.87433700001,2013-06-08 00:00:00
555665746e955230ea000001,9.56491797,4700.0,-26948.691675999995,18006.422783,2013-06-13 00:00:00
555665746e955230ea000001,9.70235958,4600.0,-25978.455717999994,18652.398350000007,2013-06-14 00:00:00
555665746e955230ea000001,9.70235958,4500.0,-25008.219759999993,18652.398350000003,2013-06-15 00:00:00
555665746e955230ea000001,9.79398732,4500.0,-25008.219759999993,19064.723180000008,2013-06-17 00:00:00
555665746e955230ea000001,10.043418390000001,4400.0,-24003.877920999992,20187.162995000013,2013-06-18 00:00:00
555665746e955230ea000001,10.043418390000001,4300.0,-22999.53608199999,20187.162995000013,2013-06-19 00:00:00
555665746e955230ea000001,9.186606,4300.0,-22999.53608199999,16502.86971800001,2013-06-20 00:00:00
555665746e955230ea000001,9.268775999999999,4300.0,-22999.53608199999,16856.200718000007,2013-06-21 00:00:00
555665746e955230ea000001,8.340255,4300.0,-22999.53608199999,12863.560418000015,2013-06-24 00:00:00
555665746e955230ea000001,8.200566,4300.0,-22999.53608199999,12262.897718000007,2013-06-25 00:00:00
555665746e955230ea000001,8.019791999999999,4300.0,-22999.53608199999,11485.569518000004,2013-06-26 00:00:00
555665746e955230ea000001,7.888319999999999,4300.0,-22999.53608199999,10920.239918000007,2013-06-27 00:00:00
555665746e955230ea000001,8.192349,4300.0,-22999.53608199999,12227.564618000011,2013-06-28 00:00:00
555665746e955230ea000001,8.011575,4300.0,-22999.53608199999,11450.236418000008,2013-07-01 00:00:00
555665746e955230ea000001,7.888319999999999,4300.0,-22999.53608199999,10920.239918000007,2013-07-02 00:00:00
555665746e955230ea000001,7.666461,4300.0,-22999.53608199999,9966.246218000008,2013-07-03 00:00:00
555665746e955230ea000001,7.699329,4300.0,-22999.53608199999,10107.578618000007,2013-07-04 00:00:00
555665746e955230ea000001,7.699329,4300.0,-22999.53608199999,10107.578618000007,2013-07-05 00:00:00
555665746e955230ea000001,7.387083,4300.0,-22999.53608199999,8764.920818000006,2013-07-08 00:00:00
555665746e955230ea000001,7.3953,4300.0,-22999.53608199999,8800.253918000006,2013-07-09 00:00:00
555665746e955230ea000001,7.72398,4300.0,-22999.53608199999,10213.57791800001,2013-07-10 00:00:00
555665746e955230ea000001,8.496378,4300.0,-22999.53608199999,13534.889318000009,2013-07-11 00:00:00
555665746e955230ea000001,8.496378,4300.0,-22999.53608199999,13534.889318000009,2013-07-12 00:00:00
555665746e955230ea000001,8.636066999999999,4300.0,-22999.53608199999,14135.552018000002,2013-07-15 00:00:00
555665746e955230ea000001,8.529246,4300.0,-22999.53608199999,13676.221718000008,2013-07-16 00:00:00
555665746e955230ea000001,8.332038,4300.0,-22999.53608199999,12828.227318000012,2013-07-17 00:00:00
555665746e955230ea000001,8.069094,4300.0,-22999.53608199999,11697.56811800001,2013-07-18 00:00:00
555665746e955230ea000001,7.748631,4300.0,-22999.53608199999,10319.577218000006,2013-07-19 00:00:00
555665746e955230ea000001,7.7404139999999995,4300.0,-22999.53608199999,10284.24411800001,2013-07-22 00:00:00
555665746e955230ea000001,8.184132,4300.0,-22999.53608199999,12192.231518000008,2013-07-23 00:00:00
555665746e955230ea000001,8.019791999999999,4300.0,-22999.53608199999,11485.569518000004,2013-07-24 00:00:00
555665746e955230ea000001,8.060877,4300.0,-22999.53608199999,11662.235018000007,2013-07-25 00:00:00
555665746e955230ea000001,7.921188,4300.0,-22999.53608199999,11061.572318000006,2013-07-26 00:00:00
555665746e955230ea000001,7.732197,4300.0,-22999.53608199999,10248.911018000006,2013-07-29 00:00:00
555665746e955230ea000001,7.954056,4300.0,-22999.53608199999,11202.904718000005,2013-07-30 00:00:00
555665746e955230ea000001,7.880103,4300.0,-22999.53608199999,10884.90681800001,2013-07-31 00:00:00
555665746e955230ea000001,8.151264,4300.0,-22999.53608199999,12050.899118000008,2013-08-01 00:00:00
555665746e955230ea000001,8.069094,4300.0,-22999.53608199999,11697.56811800001,2013-08-02 00:00:00
555665746e955230ea000001,8.167698,4300.0,-22999.53608199999,12121.565318000008,2013-08-05 00:00:00
555665746e955230ea000001,8.151264,4300.0,-22999.53608199999,12050.899118000008,2013-08-06 00:00:00
555665746e955230ea000001,8.159481,4300.0,-22999.53608199999,12086.232218000005,2013-08-07 00:00:00
555665746e955230ea000001,8.126613,4300.0,-22999.53608199999,11944.899818000013,2013-08-08 00:00:00
555665746e955230ea000001,8.093745,4300.0,-22999.53608199999,11803.567418000006,2013-08-09 00:00:00
555665746e955230ea000001,8.488161,4300.0,-22999.53608199999,13499.556218000005,2013-08-12 00:00:00
555665746e955230ea000001,8.62785,4300.0,-22999.53608199999,14100.218918000013,2013-08-13 00:00:00
555665746e955230ea000001,8.570331,4300.0,-22999.53608199999,13852.887218000003,2013-08-14 00:00:00
555665746e955230ea000001,8.38134,4300.0,-22999.53608199999,13040.225918000011,2013-08-15 00:00:00
555665746e955230ea000001,8.693586,4300.0,-22999.53608199999,14382.883718000005,2013-08-16 00:00:00
555665746e955230ea000001,8.866143,4300.0,-22999.53608199999,15124.878818000005,2013-08-19 00:00:00
555665746e955230ea000001,9.0387,4300.0,-22999.53608199999,15866.873918000012,2013-08-20 00:00:00
555665746e955230ea000001,8.964747,4400.0,-23896.01078199999,15548.876018000003,2013-08-21 00:00:00
555665746e955230ea000001,8.964747,4500.0,-24792.48548199999,15548.87601800001,2013-08-22 00:00:00
555665746e955230ea000001,8.997615,4600.0,-25692.24698199999,15696.782018000005,2013-08-23 00:00:00
555665746e955230ea000001,8.726453999999999,4700.0,-26564.89238199999,14449.441418000002,2013-08-24 00:00:00
555665746e955230ea000001,8.95653,4700.0,-26564.89238199999,15530.798618000015,2013-08-26 00:00:00
555665746e955230ea000001,8.940096,4800.0,-27458.901981999992,15453.558818000009,2013-08-27 00:00:00
555665746e955230ea000001,8.734671,4900.0,-28332.369081999994,14467.518818000008,2013-08-28 00:00:00
555665746e955230ea000001,8.742888,5000.0,-29206.657881999992,14507.78211800001,2013-08-29 00:00:00
555665746e955230ea000001,8.718237,5100.0,-30078.481581999993,14384.527118000005,2013-08-30 00:00:00
555665746e955230ea000001,8.718237,5200.0,-30950.305281999994,14384.527118000005,2013-08-31 00:00:00
555665746e955230ea000001,8.833275,5200.0,-30950.305281999994,14982.724718000005,2013-09-02 00:00:00
555665746e955230ea000001,9.20304,5100.0,-30030.001281999994,16905.502718000007,2013-09-03 00:00:00
555665746e955230ea000001,9.104436,5100.0,-30030.001281999994,16402.622318000005,2013-09-04 00:00:00
555665746e955230ea000001,9.063350999999999,5000.0,-29123.666181999994,16193.088818000004,2013-09-05 00:00:00
555665746e955230ea000001,9.063350999999999,4900.0,-28217.331081999993,16193.088818,2013-09-06 00:00:00
555665746e955230ea000001,9.967221,4900.0,-28217.331081999993,20622.05181800001,2013-09-09 00:00:00
555665746e955230ea000001,10.221948,5000.0,-29239.525881999994,21870.214118000004,2013-09-10 00:00:00
555665746e955230ea000001,10.221948,5100.0,-30261.720681999996,21870.214118,2013-09-11 00:00:00
555665746e955230ea000001,10.427373,5200.0,-31304.457981999996,22917.881618000003,2013-09-12 00:00:00
555665746e955230ea000001,10.854657000000001,5300.0,-32389.923681999997,25139.75841800001,2013-09-13 00:00:00
555665746e955230ea000001,10.854657000000001,5400.0,-33475.389381999994,25139.758418000012,2013-09-14 00:00:00
555665746e955230ea000001,10.84644,5400.0,-33475.389381999994,25095.386618000004,2013-09-16 00:00:00
555665746e955230ea000001,10.509542999999999,5500.0,-34526.34368199999,23276.142818,2013-09-17 00:00:00
555665746e955230ea000001,10.509542999999999,5600.0,-35577.29798199999,23276.142818000008,2013-09-18 00:00:00
555665746e955230ea000001,10.509542999999999,5700.0,-36628.25228199999,23276.142818000008,2013-09-19 00:00:00
555665746e955230ea000001,10.583496,5700.0,-36628.25228199999,23697.67491800001,2013-09-23 00:00:00
555665746e955230ea000001,10.082258999999999,5700.0,-36628.25228199999,20840.62401800001,2013-09-24 00:00:00
555665746e955230ea000001,10.082258999999999,5800.0,-37636.478181999984,20840.62401800001,2013-09-25 00:00:00
555665746e955230ea000001,9.885050999999999,5700.0,-36647.97308199998,19696.81761800001,2013-09-26 00:00:00
555665746e955230ea000001,9.77823,5600.0,-35670.150081999986,19087.937918000018,2013-09-27 00:00:00
555665746e955230ea000001,9.77823,5500.0,-34692.32708199999,19087.937918000018,2013-09-28 00:00:00
555665746e955230ea000001,9.761796,5500.0,-34692.32708199999,18997.550918000015,2013-09-30 00:00:00
555665746e955230ea000001,9.761796,5400.0,-33716.147481999986,18997.550918000015,2013-10-01 00:00:00
555665746e955230ea000001,10.032957,5400.0,-33716.147481999986,20461.820318000013,2013-10-08 00:00:00
555665746e955230ea000001,10.312335000000001,5300.0,-32684.913981999987,21970.461518000015,2013-10-09 00:00:00
555665746e955230ea000001,10.090475999999999,5200.0,-31675.866381999986,20794.608818000008,2013-10-10 00:00:00
555665746e955230ea000001,10.427373,5100.0,-30633.129081999985,22546.473218000014,2013-10-11 00:00:00
555665746e955230ea000001,10.427373,5000.0,-29590.391781999984,22546.473218000014,2013-10-12 00:00:00
555665746e955230ea000001,10.263033,5000.0,-29590.391781999984,21724.773218000017,2013-10-14 00:00:00
555665746e955230ea000001,10.032957,4900.0,-28587.096081999985,20574.393218000016,2013-10-15 00:00:00
555665746e955230ea000001,9.868617,4800.0,-27600.234381999984,19769.12721800002,2013-10-16 00:00:00
555665746e955230ea000001,9.8604,4700.0,-26614.194381999983,19729.68561800002,2013-10-17 00:00:00
555665746e955230ea000001,9.8604,4600.0,-25628.154381999982,19729.68561800002,2013-10-18 00:00:00
555665746e955230ea000001,10.02474,4500.0,-24625.680381999984,20485.64961800001,2013-10-19 00:00:00
555665746e955230ea000001,10.131561,4500.0,-24625.680381999984,20966.344118000015,2013-10-21 00:00:00
555665746e955230ea000001,9.901485000000001,4400.0,-23635.531881999985,19931.002118000022,2013-10-22 00:00:00
555665746e955230ea000001,9.901485000000001,4300.0,-22645.383381999985,19931.00211800002,2013-10-23 00:00:00
555665746e955230ea000001,10.6821,4200.0,-21577.173381999986,23287.646618000013,2013-10-24 00:00:00
555665746e955230ea000001,10.6821,4300.0,-22645.383381999985,23287.646618000013,2013-10-25 00:00:00
555665746e955230ea000001,11.035430999999999,4400.0,-23748.926481999984,24806.969918000013,2013-10-26 00:00:00
555665746e955230ea000001,10.788921,4400.0,-23748.926481999984,23722.325918000013,2013-10-28 00:00:00
555665746e955230ea000001,11.602404,4300.0,-22588.686081999986,27301.651118000016,2013-10-29 00:00:00
555665746e955230ea000001,11.602404,4400.0,-23748.926481999984,27301.651118000013,2013-10-30 00:00:00
555665746e955230ea000001,11.42163,4500.0,-24891.089481999985,26506.245518000014,2013-10-31 00:00:00
555665746e955230ea000001,11.396979,4600.0,-26030.787381999984,26395.316018000016,2013-11-01 00:00:00
555665746e955230ea000001,11.396979,4700.0,-27170.485281999983,26395.316018000016,2013-11-02 00:00:00
555665746e955230ea000001,11.142252000000001,4700.0,-27170.485281999983,25198.099118000024,2013-11-04 00:00:00
555665746e955230ea000001,11.224422,4700.0,-27170.485281999983,25584.298118000017,2013-11-05 00:00:00
555665746e955230ea000001,10.805355,4800.0,-28251.020781999985,23614.68321800002,2013-11-06 00:00:00
555665746e955230ea000001,10.903958999999999,4900.0,-29341.416681999985,24087.98241800001,2013-11-07 00:00:00
555665746e955230ea000001,10.953261,4800.0,-28246.090581999986,24329.56221800001,2013-11-08 00:00:00
555665746e955230ea000001,10.953261,4700.0,-27150.764481999988,24329.56221800001,2013-11-09 00:00:00
555665746e955230ea000001,11.01078,4700.0,-27150.764481999988,24599.901518000017,2013-11-11 00:00:00
555665746e955230ea000001,11.544885,4600.0,-25996.27598199999,27110.195018000017,2013-11-12 00:00:00
555665746e955230ea000001,10.953261,4500.0,-24900.94988199999,24388.72461800001,2013-11-13 00:00:00
555665746e955230ea000001,10.797138,4400.0,-23821.23608199999,23686.171118000013,2013-11-14 00:00:00
555665746e955230ea000001,10.977912,4300.0,-22723.44488199999,24481.57671800001,2013-11-15 00:00:00
555665746e955230ea000001,10.977912,4200.0,-21625.65368199999,24481.57671800001,2013-11-16 00:00:00
555665746e955230ea000001,11.577753,4200.0,-21625.65368199999,27000.90891800001,2013-11-18 00:00:00
555665746e955230ea000001,11.355894,4100.0,-20490.06428199999,26069.10111800001,2013-11-19 00:00:00
555665746e955230ea000001,11.495583,4000.0,-19340.505981999988,26641.826018000014,2013-11-20 00:00:00
555665746e955230ea000001,11.495583,4100.0,-20490.06428199999,26641.82601800001,2013-11-21 00:00:00
555665746e955230ea000001,11.232638999999999,4200.0,-21613.32818199999,25563.755618000003,2013-11-22 00:00:00
555665746e955230ea000001,11.232638999999999,4100.0,-20490.064281999992,25563.755618000003,2013-11-23 00:00:00
555665746e955230ea000001,11.09295,4100.0,-20490.064281999992,24991.03071800001,2013-11-25 00:00:00
555665746e955230ea000001,11.068299,4000.0,-19383.23438199999,24889.961618000005,2013-11-26 00:00:00
555665746e955230ea000001,11.150469,3900.0,-18268.18748199999,25218.641618000005,2013-11-27 00:00:00
555665746e955230ea000001,11.150469,3800.0,-17153.14058199999,25218.641618000005,2013-11-28 00:00:00
555665746e955230ea000001,11.17512,3900.0,-18270.652581999988,25312.315418000013,2013-11-29 00:00:00
555665746e955230ea000001,11.17512,4000.0,-19388.164581999987,25312.31541800001,2013-11-30 00:00:00
555665746e955230ea000001,11.298375,4000.0,-19388.164581999987,25805.335418000013,2013-12-02 00:00:00
555665746e955230ea000001,11.125817999999999,3900.0,-18275.582781999987,25115.10741800001,2013-12-03 00:00:00
555665746e955230ea000001,11.17512,3800.0,-17158.070781999988,25307.38521800001,2013-12-04 00:00:00
555665746e955230ea000001,11.17512,3700.0,-16040.558781999987,25307.38521800001,2013-12-05 00:00:00
555665746e955230ea000001,10.920392999999999,3600.0,-14948.519481999987,24364.89531800001,2013-12-06 00:00:00
555665746e955230ea000001,10.920392999999999,3500.0,-13856.480181999987,24364.89531800001,2013-12-07 00:00:00
555665746e955230ea000001,10.838223,3500.0,-13856.480181999987,24077.300318000016,2013-12-09 00:00:00
555665746e955230ea000001,10.920392999999999,3400.0,-12764.440881999986,24364.89531800001,2013-12-10 00:00:00
555665746e955230ea000001,10.550628,3300.0,-11709.378081999987,23107.69431800001,2013-12-11 00:00:00
555665746e955230ea000001,10.452024,3200.0,-10664.175681999986,22782.30111800001,2013-12-12 00:00:00
555665746e955230ea000001,10.312335000000001,3100.0,-9632.942181999986,22335.296318000015,2013-12-13 00:00:00
555665746e955230ea000001,10.312335000000001,3000.0,-8601.708681999986,22335.296318000015,2013-12-14 00:00:00
555665746e955230ea000001,10.476675,3000.0,-8601.708681999986,22828.316318000016,2013-12-16 00:00:00
555665746e955230ea000001,10.452024,3000.0,-8601.708681999986,22754.363318000014,2013-12-17 00:00:00
555665746e955230ea000001,10.484892,3000.0,-8601.708681999986,22852.967318000014,2013-12-18 00:00:00
555665746e955230ea000001,10.27125,3000.0,-8601.708681999986,22212.041318000014,2013-12-19 00:00:00
555665746e955230ea000001,9.786447,3000.0,-8601.708681999986,20757.632318000018,2013-12-20 00:00:00
555665746e955230ea000001,9.819315,3000.0,-8601.708681999986,20856.236318000014,2013-12-23 00:00:00
555665746e955230ea000001,9.61389,3000.0,-8601.708681999986,20239.961318000012,2013-12-24 00:00:00
555665746e955230ea000001,9.630324,3000.0,-8601.708681999986,20289.263318000012,2013-12-25 00:00:00
555665746e955230ea000001,9.408465,3000.0,-8601.708681999986,19623.686318000015,2013-12-26 00:00:00
555665746e955230ea000001,9.654975,3000.0,-8601.708681999986,20363.216318000013,2013-12-27 00:00:00
555665746e955230ea000001,9.646758,3000.0,-8601.708681999986,20338.565318000015,2013-12-30 00:00:00
555665746e955230ea000001,10.065825,3000.0,-8601.708681999986,21595.766318000016,2013-12-31 00:00:00
555665746e955230ea000001,10.049391,3000.0,-8601.708681999986,21546.464318000013,2014-01-02 00:00:00
555665746e955230ea000001,9.802881,3000.0,-8601.708681999986,20806.93431800001,2014-01-03 00:00:00
555665746e955230ea000001,9.589239,3000.0,-8601.708681999986,20166.00831800001,2014-01-06 00:00:00
555665746e955230ea000001,9.556371,3000.0,-8601.708681999986,20067.404318000015,2014-01-07 00:00:00
555665746e955230ea000001,9.663192,3000.0,-8601.708681999986,20387.867318000015,2014-01-08 00:00:00
555665746e955230ea000001,9.712494,3000.0,-8601.708681999986,20535.773318000014,2014-01-09 00:00:00
555665746e955230ea000001,9.712494,3000.0,-8601.708681999986,20535.773318000014,2014-01-10 00:00:00
555665746e955230ea000001,9.53172,3000.0,-8601.708681999986,19993.451318000014,2014-01-13 00:00:00
555665746e955230ea000001,9.630324,3000.0,-8601.708681999986,20289.263318000012,2014-01-14 00:00:00
555665746e955230ea000001,9.589239,3000.0,-8601.708681999986,20166.00831800001,2014-01-15 00:00:00
555665746e955230ea000001,9.605673,3000.0,-8601.708681999986,20215.31031800001,2014-01-16 00:00:00
555665746e955230ea000001,9.433116,3000.0,-8601.708681999986,19697.639318000016,2014-01-17 00:00:00
555665746e955230ea000001,9.285210000000001,3000.0,-8601.708681999986,19253.92131800002,2014-01-20 00:00:00
555665746e955230ea000001,9.334512,3000.0,-8601.708681999986,19401.827318000014,2014-01-21 00:00:00
555665746e955230ea000001,9.687842999999999,3000.0,-8601.708681999986,20461.820318000013,2014-01-22 00:00:00
555665746e955230ea000001,9.61389,3000.0,-8601.708681999986,20239.961318000012,2014-01-23 00:00:00
555665746e955230ea000001,9.581022,3000.0,-8601.708681999986,20141.357318000017,2014-01-24 00:00:00
555665746e955230ea000001,9.359163,3000.0,-8601.708681999986,19475.780318000016,2014-01-27 00:00:00
555665746e955230ea000001,9.44955,3000.0,-8601.708681999986,19746.941318000016,2014-01-28 00:00:00
555665746e955230ea000001,9.498852,3000.0,-8601.708681999986,19894.84731800001,2014-01-29 00:00:00
555665746e955230ea000001,9.36738,3000.0,-8601.708681999986,19500.431318000017,2014-01-30 00:00:00
555665746e955230ea000001,9.350946,3000.0,-8601.708681999986,19451.129318000014,2014-02-07 00:00:00
555665746e955230ea000001,9.507069,3000.0,-8601.708681999986,19919.498318000013,2014-02-10 00:00:00
555665746e955230ea000001,9.8604,3000.0,-8601.708681999986,20979.491318000015,2014-02-11 00:00:00
555665746e955230ea000001,9.811098,3000.0,-8601.708681999986,20831.585318000012,2014-02-12 00:00:00
555665746e955230ea000001,10.041174,3000.0,-8601.708681999986,21521.813318000015,2014-02-13 00:00:00
555665746e955230ea000001,9.926136,3000.0,-8601.708681999986,21176.699318000014,2014-02-14 00:00:00
555665746e955230ea000001,9.835749,3000.0,-8601.708681999986,20905.538318000014,2014-02-17 00:00:00
555665746e955230ea000001,9.581022,3000.0,-8601.708681999986,20141.357318000017,2014-02-18 00:00:00
555665746e955230ea000001,9.8604,3000.0,-8601.708681999986,20979.491318000015,2014-02-19 00:00:00
555665746e955230ea000001,9.663192,3000.0,-8601.708681999986,20387.867318000015,2014-02-20 00:00:00
555665746e955230ea000001,9.53172,3000.0,-8601.708681999986,19993.451318000014,2014-02-21 00:00:00
555665746e955230ea000001,9.170171999999999,3000.0,-8601.708681999986,18908.80731800001,2014-02-24 00:00:00
555665746e955230ea000001,9.055133999999999,3000.0,-8601.708681999986,18563.693318000012,2014-02-25 00:00:00
555665746e955230ea000001,9.129087,3000.0,-8601.708681999986,18785.552318000016,2014-02-26 00:00:00
555665746e955230ea000001,9.235908,3000.0,-8601.708681999986,19106.015318000016,2014-02-27 00:00:00
555665746e955230ea000001,9.145521,3000.0,-8601.708681999986,18834.854318000016,2014-02-28 00:00:00
555665746e955230ea000001,9.071568,3000.0,-8601.708681999986,18612.995318000012,2014-03-03 00:00:00
555665746e955230ea000001,9.022266,3000.0,-8601.708681999986,18465.089318000013,2014-03-04 00:00:00
555665746e955230ea000001,8.79219,3000.0,-8601.708681999986,17774.861318000014,2014-03-05 00:00:00
555665746e955230ea000001,8.849708999999999,3000.0,-8601.708681999986,17947.41831800001,2014-03-06 00:00:00
555665746e955230ea000001,8.874360000000001,3000.0,-8601.708681999986,18021.371318000016,2014-03-07 00:00:00
555665746e955230ea000001,8.471727,3000.0,-8601.708681999986,16813.472318000015,2014-03-10 00:00:00
555665746e955230ea000001,8.414208,3000.0,-8601.708681999986,16640.915318000014,2014-03-11 00:00:00
555665746e955230ea000001,8.504595,3000.0,-8601.708681999986,16912.076318000014,2014-03-12 00:00:00
555665746e955230ea000001,8.677152,3000.0,-8601.708681999986,17429.747318000012,2014-03-13 00:00:00
555665746e955230ea000001,8.479944,3000.0,-8601.708681999986,16838.123318000013,2014-03-14 00:00:00
555665746e955230ea000001,8.603199,3000.0,-8601.708681999986,17207.888318000016,2014-03-17 00:00:00
555665746e955230ea000001,8.529246,3000.0,-8601.708681999986,16986.029318000015,2014-03-18 00:00:00
555665746e955230ea000001,8.414208,3000.0,-8601.708681999986,16640.915318000014,2014-03-19 00:00:00
555665746e955230ea000001,8.29917,3000.0,-8601.708681999986,16295.801318000016,2014-03-20 00:00:00
555665746e955230ea000001,8.866143,3000.0,-8601.708681999986,17996.72031800001,2014-03-21 00:00:00
555665746e955230ea000001,8.866143,3000.0,-8601.708681999986,17996.72031800001,2014-03-24 00:00:00
555665746e955230ea000001,8.71002,3000.0,-8601.708681999986,17528.351318000015,2014-03-25 00:00:00
555665746e955230ea000001,8.79219,3000.0,-8601.708681999986,17774.861318000014,2014-03-26 00:00:00
555665746e955230ea000001,8.849708999999999,3000.0,-8601.708681999986,17947.41831800001,2014-03-27 00:00:00
555665746e955230ea000001,8.857925999999999,3000.0,-8601.708681999986,17972.069318000013,2014-03-28 00:00:00
555665746e955230ea000001,8.849708999999999,3000.0,-8601.708681999986,17947.41831800001,2014-03-31 00:00:00
555665746e955230ea000001,8.874360000000001,3000.0,-8601.708681999986,18021.371318000016,2014-04-01 00:00:00
555665746e955230ea000001,8.964747,3000.0,-8601.708681999986,18292.532318000012,2014-04-02 00:00:00
555665746e955230ea000001,8.849708999999999,3000.0,-8601.708681999986,17947.41831800001,2014-04-03 00:00:00
555665746e955230ea000001,8.866143,3000.0,-8601.708681999986,17996.72031800001,2014-04-04 00:00:00
555665746e955230ea000001,9.268775999999999,3000.0,-8601.708681999986,19204.619318000012,2014-04-08 00:00:00
555665746e955230ea000001,9.194823,3000.0,-8601.708681999986,18982.76031800001,2014-04-09 00:00:00
555665746e955230ea000001,9.334512,3000.0,-8601.708681999986,19401.827318000014,2014-04-10 00:00:00
555665746e955230ea000001,9.36738,3000.0,-8601.708681999986,19500.431318000017,2014-04-11 00:00:00
555665746e955230ea000001,9.268775999999999,3000.0,-8601.708681999986,19204.619318000012,2014-04-14 00:00:00
555665746e955230ea000001,9.014049,3000.0,-8601.708681999986,18440.438318000015,2014-04-15 00:00:00
555665746e955230ea000001,9.030483,3000.0,-8601.708681999986,18489.740318000015,2014-04-16 00:00:00
555665746e955230ea000001,8.95653,3100.0,-9497.361681999986,18267.881318000014,2014-04-17 00:00:00
555665746e955230ea000001,8.874360000000001,3200.0,-10384.797681999986,18013.15431800002,2014-04-18 00:00:00
555665746e955230ea000001,8.874360000000001,3300.0,-11272.233681999985,18013.154318000015,2014-04-19 00:00:00
555665746e955230ea000001,8.783973,3300.0,-11272.233681999985,17714.877218000016,2014-04-21 00:00:00
555665746e955230ea000001,9.088002,3400.0,-12181.033881999985,18718.172918000015,2014-04-22 00:00:00
555665746e955230ea000001,9.285210000000001,3300.0,-11252.512881999985,19388.68011800002,2014-04-23 00:00:00
555665746e955230ea000001,9.227691,3400.0,-12175.281981999984,19198.867418000016,2014-04-24 00:00:00
555665746e955230ea000001,9.244125,3500.0,-13099.694481999984,19254.743018000016,2014-04-25 00:00:00
555665746e955230ea000001,9.244125,3600.0,-14024.106981999985,19254.743018000016,2014-04-26 00:00:00
555665746e955230ea000001,9.063350999999999,3600.0,-14024.106981999985,18603.95661800001,2014-04-28 00:00:00
555665746e955230ea000001,9.170171999999999,3500.0,-13107.089781999985,18988.51221800001,2014-04-29 00:00:00
555665746e955230ea000001,9.153738,3600.0,-14022.463581999984,18930.993218000018,2014-04-30 00:00:00
555665746e955230ea000001,9.153738,3700.0,-14937.837381999983,18930.993218000018,2014-05-01 00:00:00
555665746e955230ea000001,9.030483,3700.0,-14937.837381999983,18474.949718000018,2014-05-05 00:00:00
555665746e955230ea000001,8.997615,3800.0,-15837.598881999984,18353.338118000014,2014-05-06 00:00:00
555665746e955230ea000001,8.915445,3900.0,-16729.143381999984,18041.09211800002,2014-05-07 00:00:00
555665746e955230ea000001,8.915445,4000.0,-17620.687881999984,18041.092118000015,2014-05-08 00:00:00
555665746e955230ea000001,8.981181,3900.0,-16722.569781999984,18304.03611800001,2014-05-09 00:00:00
555665746e955230ea000001,9.079785000000001,3800.0,-15814.591281999983,18688.59171800002,2014-05-10 00:00:00
555665746e955230ea000001,9.318078,3800.0,-15814.591281999983,19594.105118000018,2014-05-12 00:00:00
555665746e955230ea000001,9.227691,3900.0,-16737.360381999984,19250.634518000013,2014-05-13 00:00:00
555665746e955230ea000001,9.293427,3800.0,-15808.017681999985,19507.004918000013,2014-05-14 00:00:00
555665746e955230ea000001,9.194823,3900.0,-16727.499981999987,19132.30971800001,2014-05-15 00:00:00
555665746e955230ea000001,9.194823,3800.0,-15808.017681999987,19132.309718000008,2014-05-16 00:00:00
555665746e955230ea000001,9.260558999999999,3900.0,-16734.073581999986,19382.10651800001,2014-05-17 00:00:00
555665746e955230ea000001,9.260558999999999,3900.0,-16734.073581999986,19382.10651800001,2014-05-19 00:00:00
555665746e955230ea000001,9.260558999999999,4000.0,-17660.129481999986,19382.10651800001,2014-05-20 00:00:00
555665746e955230ea000001,9.235908,4100.0,-18583.720281999987,19283.502518000016,2014-05-21 00:00:00
555665746e955230ea000001,9.309861,4200.0,-19514.706381999986,19586.709818000014,2014-05-22 00:00:00
555665746e955230ea000001,9.359163,4300.0,-20450.622681999987,19793.778218000014,2014-05-23 00:00:00
555665746e955230ea000001,9.515286,4400.0,-21402.151281999988,20465.10711800001,2014-05-24 00:00:00
555665746e955230ea000001,9.515286,4400.0,-21402.151281999988,20465.10711800001,2014-05-26 00:00:00
555665746e955230ea000001,9.515286,4300.0,-20450.622681999987,20465.107118000014,2014-05-27 00:00:00
555665746e955230ea000001,9.515286,4400.0,-21402.151281999988,20465.10711800001,2014-05-28 00:00:00
555665746e955230ea000001,9.53172,4500.0,-22355.323281999987,20537.41671800001,2014-05-29 00:00:00
555665746e955230ea000001,9.44955,4600.0,-23300.27828199999,20167.651718000012,2014-05-30 00:00:00
555665746e955230ea000001,9.44955,4700.0,-24245.23328199999,20167.651718000012,2014-05-31 00:00:00
555665746e955230ea000001,9.457767,4700.0,-24245.23328199999,20206.27161800001,2014-06-03 00:00:00
555665746e955230ea000001,9.309861,4600.0,-23314.247181999992,19511.113418000008,2014-06-04 00:00:00
555665746e955230ea000001,9.392031,4500.0,-22375.044081999993,19889.095418000004,2014-06-05 00:00:00
555665746e955230ea000001,9.392031,4400.0,-21435.840981999994,19889.095418000004,2014-06-06 00:00:00
555665746e955230ea000001,9.350946,4300.0,-20500.746381999994,19708.32141800001,2014-06-07 00:00:00
555665746e955230ea000001,9.433116,4300.0,-20500.746381999994,20061.65241800001,2014-06-09 00:00:00
555665746e955230ea000001,9.654975,4200.0,-19535.248881999993,21015.64611800001,2014-06-10 00:00:00
555665746e955230ea000001,9.654975,4100.0,-18569.75138199999,21015.646118000008,2014-06-11 00:00:00
555665746e955230ea000001,9.71,4100.0,-18569.75138199999,21241.24861800001,2014-06-12 00:00:00
555665746e955230ea000001,10.12,4200.0,-19581.75138199999,22922.24861800001,2014-06-13 00:00:00
555665746e955230ea000001,10.12,4300.0,-20593.75138199999,22922.24861800001,2014-06-14 00:00:00
555665746e955230ea000001,10.13,4300.0,-20593.75138199999,22965.24861800001,2014-06-16 00:00:00
555665746e955230ea000001,10.04,4400.0,-21597.75138199999,22578.248618,2014-06-17 00:00:00
555665746e955230ea000001,10.04,4500.0,-22601.75138199999,22578.248618,2014-06-18 00:00:00
555665746e955230ea000001,9.86,4600.0,-23587.75138199999,21768.24861800001,2014-06-19 00:00:00
555665746e955230ea000001,9.85,4700.0,-24572.75138199999,21722.24861800001,2014-06-20 00:00:00
555665746e955230ea000001,9.85,4800.0,-25557.75138199999,21722.24861800001,2014-06-21 00:00:00
555665746e955230ea000001,9.77,4800.0,-25557.75138199999,21338.24861800001,2014-06-23 00:00:00
555665746e955230ea000001,9.8,4900.0,-26537.75138199999,21482.24861800001,2014-06-24 00:00:00
555665746e955230ea000001,9.8,5000.0,-27517.75138199999,21482.24861800001,2014-06-25 00:00:00
555665746e955230ea000001,9.77,5100.0,-28494.75138199999,21332.24861800001,2014-06-26 00:00:00
555665746e955230ea000001,9.82,5100.0,-28494.75138199999,21587.24861800001,2014-06-27 00:00:00
555665746e955230ea000001,9.82,5000.0,-27512.75138199999,21587.24861800001,2014-06-28 00:00:00
555665746e955230ea000001,9.91,5000.0,-27512.75138199999,22037.24861800001,2014-06-30 00:00:00
555665746e955230ea000001,9.86,4900.0,-26526.75138199999,21787.24861800001,2014-07-01 00:00:00
555665746e955230ea000001,9.89,4800.0,-25537.75138199999,21934.24861800001,2014-07-02 00:00:00
555665746e955230ea000001,9.96,4700.0,-24541.75138199999,22270.248618000016,2014-07-03 00:00:00
555665746e955230ea000001,9.91,4600.0,-23550.75138199999,22035.24861800001,2014-07-04 00:00:00
555665746e955230ea000001,9.91,4500.0,-22559.75138199999,22035.24861800001,2014-07-05 00:00:00
555665746e955230ea000001,9.86,4500.0,-22559.75138199999,21810.24861800001,2014-07-07 00:00:00
555665746e955230ea000001,9.93,4400.0,-21566.75138199999,22125.24861800001,2014-07-08 00:00:00
555665746e955230ea000001,9.93,4300.0,-20573.75138199999,22125.24861800001,2014-07-09 00:00:00
555665746e955230ea000001,9.65,4200.0,-19608.75138199999,20921.24861800001,2014-07-10 00:00:00
555665746e955230ea000001,9.67,4100.0,-18641.75138199999,21005.24861800001,2014-07-11 00:00:00
555665746e955230ea000001,9.67,4000.0,-17674.75138199999,21005.24861800001,2014-07-12 00:00:00
555665746e955230ea000001,9.72,4000.0,-17674.75138199999,21205.24861800001,2014-07-14 00:00:00
555665746e955230ea000001,9.72,3900.0,-16702.75138199999,21205.24861800001,2014-07-15 00:00:00
555665746e955230ea000001,9.61,3900.0,-16702.75138199999,20776.24861800001,2014-07-16 00:00:00
555665746e955230ea000001,9.59,3800.0,-15743.751381999991,20698.24861800001,2014-07-17 00:00:00
555665746e955230ea000001,9.59,3700.0,-14784.751381999991,20698.24861800001,2014-07-18 00:00:00
555665746e955230ea000001,9.6,3600.0,-13824.751381999991,20735.24861800001,2014-07-19 00:00:00
555665746e955230ea000001,9.55,3600.0,-13824.751381999991,20555.24861800001,2014-07-21 00:00:00
555665746e955230ea000001,9.55,3500.0,-12869.751381999991,20555.24861800001,2014-07-22 00:00:00
555665746e955230ea000001,9.76,3400.0,-11893.751381999991,21290.24861800001,2014-07-23 00:00:00
555665746e955230ea000001,9.76,3300.0,-10917.751381999991,21290.24861800001,2014-07-24 00:00:00
555665746e955230ea000001,10.16,3400.0,-11933.751381999991,22610.24861800001,2014-07-25 00:00:00
555665746e955230ea000001,10.22,3500.0,-12955.751381999991,22814.24861800001,2014-07-26 00:00:00
555665746e955230ea000001,10.78,3500.0,-12955.751381999991,24774.24861800001,2014-07-28 00:00:00
555665746e955230ea000001,10.82,3600.0,-14037.751381999991,24914.24861800001,2014-07-29 00:00:00
555665746e955230ea000001,10.75,3700.0,-15112.751381999991,24662.24861800001,2014-07-30 00:00:00
555665746e955230ea000001,10.75,3800.0,-16187.751381999991,24662.24861800001,2014-07-31 00:00:00
555665746e955230ea000001,10.7,3900.0,-17257.75138199999,24472.24861800001,2014-08-01 00:00:00
555665746e955230ea000001,10.7,4000.0,-18327.75138199999,24472.24861800001,2014-08-02 00:00:00
555665746e955230ea000001,10.93,4000.0,-18327.75138199999,25392.24861800001,2014-08-04 00:00:00
555665746e955230ea000001,10.93,4100.0,-19420.75138199999,25392.24861800001,2014-08-05 00:00:00
555665746e955230ea000001,10.82,4200.0,-20502.75138199999,24941.24861800001,2014-08-06 00:00:00
555665746e955230ea000001,10.65,4300.0,-21567.75138199999,24227.24861800001,2014-08-07 00:00:00
555665746e955230ea000001,10.5,4400.0,-22617.75138199999,23582.24861800001,2014-08-08 00:00:00
555665746e955230ea000001,10.54,4500.0,-23671.75138199999,23758.248618,2014-08-09 00:00:00
555665746e955230ea000001,10.71,4500.0,-23671.75138199999,24523.248618000016,2014-08-11 00:00:00
555665746e955230ea000001,10.71,4400.0,-22600.75138199999,24523.248618000016,2014-08-12 00:00:00
555665746e955230ea000001,10.6,4300.0,-21540.75138199999,24039.24861800001,2014-08-13 00:00:00
555665746e955230ea000001,10.65,4200.0,-20475.75138199999,24254.24861800001,2014-08-14 00:00:00
555665746e955230ea000001,10.58,4100.0,-19417.75138199999,23960.24861800001,2014-08-15 00:00:00
555665746e955230ea000001,10.58,4000.0,-18359.75138199999,23960.24861800001,2014-08-16 00:00:00
555665746e955230ea000001,10.65,4000.0,-18359.75138199999,24240.24861800001,2014-08-18 00:00:00
555665746e955230ea000001,10.58,3900.0,-17301.75138199999,23960.24861800001,2014-08-19 00:00:00
555665746e955230ea000001,10.58,3800.0,-16243.751381999991,23960.24861800001,2014-08-20 00:00:00
555665746e955230ea000001,10.47,3700.0,-15196.751381999991,23542.24861800001,2014-08-21 00:00:00
555665746e955230ea000001,10.35,3600.0,-14161.751381999991,23098.24861800001,2014-08-22 00:00:00
555665746e955230ea000001,10.35,3500.0,-13126.751381999991,23098.24861800001,2014-08-23 00:00:00
555665746e955230ea000001,10.21,3500.0,-13126.751381999991,22608.24861800001,2014-08-25 00:00:00
555665746e955230ea000001,10.19,3400.0,-12107.751381999991,22538.24861800001,2014-08-26 00:00:00
555665746e955230ea000001,10.19,3300.0,-11088.751381999991,22538.24861800001,2014-08-27 00:00:00
555665746e955230ea000001,10.24,3200.0,-10064.751381999991,22703.24861800001,2014-08-28 00:00:00
555665746e955230ea000001,10.25,3100.0,-9039.751381999991,22735.24861800001,2014-08-29 00:00:00
555665746e955230ea000001,10.25,3000.0,-8014.751381999991,22735.24861800001,2014-08-30 00:00:00
555665746e955230ea000001,10.3,3000.0,-8014.751381999991,22885.248618000012,2014-09-01 00:00:00
555665746e955230ea000001,10.3,2900.0,-6984.751381999991,22885.248618000012,2014-09-02 00:00:00
555665746e955230ea000001,10.5,2800.0,-5934.751381999991,23465.24861800001,2014-09-03 00:00:00
555665746e955230ea000001,10.5,2700.0,-4884.751381999991,23465.24861800001,2014-09-04 00:00:00
555665746e955230ea000001,10.55,2800.0,-5939.751381999991,23600.248618000012,2014-09-05 00:00:00
555665746e955230ea000001,10.57,2900.0,-6996.751381999991,23656.24861800001,2014-09-06 00:00:00
555665746e955230ea000001,10.46,2900.0,-6996.751381999991,23337.248618000012,2014-09-09 00:00:00
555665746e955230ea000001,10.33,3000.0,-8029.751381999991,22960.24861800001,2014-09-10 00:00:00
555665746e955230ea000001,10.33,3100.0,-9062.751381999991,22960.24861800001,2014-09-11 00:00:00
555665746e955230ea000001,10.37,3200.0,-10099.751381999991,23084.24861800001,2014-09-12 00:00:00
555665746e955230ea000001,10.37,3300.0,-11136.751381999991,23084.24861800001,2014-09-13 00:00:00
555665746e955230ea000001,10.31,3300.0,-11136.751381999991,22886.24861800001,2014-09-15 00:00:00
555665746e955230ea000001,10.25,3200.0,-10111.751381999991,22688.24861800001,2014-09-16 00:00:00
555665746e955230ea000001,10.25,3100.0,-9086.751381999991,22688.24861800001,2014-09-17 00:00:00
555665746e955230ea000001,10.33,3000.0,-8053.751381999991,22936.24861800001,2014-09-18 00:00:00
555665746e955230ea000001,10.38,2900.0,-7015.751381999991,23086.248618000012,2014-09-19 00:00:00
555665746e955230ea000001,10.38,2800.0,-5977.751381999991,23086.248618000012,2014-09-20 00:00:00
555665746e955230ea000001,10.06,2800.0,-5977.751381999991,22190.24861800001,2014-09-22 00:00:00
555665746e955230ea000001,10.1,2800.0,-5977.751381999991,22302.24861800001,2014-09-23 00:00:00
555665746e955230ea000001,10.28,2800.0,-5977.751381999991,22806.24861800001,2014-09-24 00:00:00
555665746e955230ea000001,10.18,2800.0,-5977.751381999991,22526.24861800001,2014-09-25 00:00:00
555665746e955230ea000001,10.12,2800.0,-5977.751381999991,22358.248618000005,2014-09-26 00:00:00
555665746e955230ea000001,10.12,2800.0,-5977.751381999991,22358.248618000005,2014-09-29 00:00:00
555665746e955230ea000001,10.14,2800.0,-5977.751381999991,22414.24861800001,2014-09-30 00:00:00
555665746e955230ea000001,10.26,2800.0,-5977.751381999991,22750.24861800001,2014-10-08 00:00:00
555665746e955230ea000001,10.2,2800.0,-5977.751381999991,22582.248618000005,2014-10-09 00:00:00
555665746e955230ea000001,10.16,2800.0,-5977.751381999991,22470.24861800001,2014-10-10 00:00:00
555665746e955230ea000001,10.1,2800.0,-5977.751381999991,22302.24861800001,2014-10-13 00:00:00
555665746e955230ea000001,10.12,2800.0,-5977.751381999991,22358.248618000005,2014-10-14 00:00:00
555665746e955230ea000001,10.16,2800.0,-5977.751381999991,22470.24861800001,2014-10-15 00:00:00
555665746e955230ea000001,10.2,2800.0,-5977.751381999991,22582.248618000005,2014-10-16 00:00:00
555665746e955230ea000001,10.12,2800.0,-5977.751381999991,22358.248618000005,2014-10-17 00:00:00
555665746e955230ea000001,10.17,2800.0,-5977.751381999991,22498.24861800001,2014-10-20 00:00:00
555665746e955230ea000001,10.09,2800.0,-5977.751381999991,22274.24861800001,2014-10-21 00:00:00
555665746e955230ea000001,10.1,2800.0,-5977.751381999991,22302.24861800001,2014-10-22 00:00:00
555665746e955230ea000001,10.24,2800.0,-5977.751381999991,22694.24861800001,2014-10-23 00:00:00
555665746e955230ea000001,10.18,2800.0,-5977.751381999991,22526.24861800001,2014-10-24 00:00:00
555665746e955230ea000001,10.02,2800.0,-5977.751381999991,22078.24861800001,2014-10-27 00:00:00
555665746e955230ea000001,10.17,2800.0,-5977.751381999991,22498.24861800001,2014-10-28 00:00:00
555665746e955230ea000001,10.3,2800.0,-5977.751381999991,22862.248618000012,2014-10-29 00:00:00
555665746e955230ea000001,10.43,2800.0,-5977.751381999991,23226.24861800001,2014-10-30 00:00:00
555665746e955230ea000001,11.03,2800.0,-5977.751381999991,24906.24861800001,2014-10-31 00:00:00
555665746e955230ea000001,11.11,2800.0,-5977.751381999991,25130.24861800001,2014-11-03 00:00:00
555665746e955230ea000001,10.85,2800.0,-5977.751381999991,24402.24861800001,2014-11-04 00:00:00
555665746e955230ea000001,10.82,2900.0,-7059.751381999991,24318.24861800001,2014-11-05 00:00:00
555665746e955230ea000001,10.84,3000.0,-8143.751381999991,24376.24861800001,2014-11-06 00:00:00
555665746e955230ea000001,10.84,3100.0,-9227.751381999991,24376.24861800001,2014-11-07 00:00:00
555665746e955230ea000001,10.91,3200.0,-10318.751381999991,24593.24861800001,2014-11-08 00:00:00
555665746e955230ea000001,11.14,3200.0,-10318.751381999991,25329.24861800001,2014-11-10 00:00:00
555665746e955230ea000001,11.27,3300.0,-11445.751381999991,25745.24861800001,2014-11-11 00:00:00
555665746e955230ea000001,11.27,3400.0,-12572.751381999991,25745.24861800001,2014-11-12 00:00:00
555665746e955230ea000001,11.2,3500.0,-13692.751381999991,25507.24861800001,2014-11-13 00:00:00
555665746e955230ea000001,10.93,3600.0,-14785.751381999991,24562.24861800001,2014-11-14 00:00:00
555665746e955230ea000001,10.93,3500.0,-13692.751381999991,24562.24861800001,2014-11-15 00:00:00
555665746e955230ea000001,10.76,3500.0,-13692.751381999991,23967.24861800001,2014-11-17 00:00:00
555665746e955230ea000001,10.61,3400.0,-12631.751381999991,23442.24861800001,2014-11-18 00:00:00
555665746e955230ea000001,10.63,3300.0,-11568.751381999991,23510.24861800001,2014-11-19 00:00:00
555665746e955230ea000001,10.63,3200.0,-10505.751381999991,23510.24861800001,2014-11-20 00:00:00
555665746e955230ea000001,10.8,3100.0,-9425.751381999991,24054.24861800001,2014-11-21 00:00:00
555665746e955230ea000001,10.8,3000.0,-8345.751381999991,24054.248618000012,2014-11-22 00:00:00
555665746e955230ea000001,10.78,3000.0,-8345.751381999991,23994.248618000005,2014-11-24 00:00:00
555665746e955230ea000001,10.98,2900.0,-7247.751381999991,24594.24861800001,2014-11-25 00:00:00
555665746e955230ea000001,11.21,2800.0,-6126.751381999991,25261.248618000012,2014-11-26 00:00:00
555665746e955230ea000001,11.31,2700.0,-4995.751381999991,25541.24861800001,2014-11-27 00:00:00
555665746e955230ea000001,12.44,2800.0,-6239.751381999991,28592.24861800001,2014-11-28 00:00:00
555665746e955230ea000001,12.44,2900.0,-7483.751381999991,28592.24861800001,2014-11-29 00:00:00
555665746e955230ea000001,12.19,2900.0,-7483.751381999991,27867.24861800001,2014-12-01 00:00:00
555665746e955230ea000001,13.12,3000.0,-8795.751381999991,30564.24861800001,2014-12-02 00:00:00
555665746e955230ea000001,13.12,3100.0,-10107.751381999991,30564.24861800001,2014-12-03 00:00:00
555665746e955230ea000001,13.96,3200.0,-11503.751381999991,33168.24861800001,2014-12-04 00:00:00
555665746e955230ea000001,13.96,3300.0,-12899.751381999991,33168.24861800001,2014-12-05 00:00:00
555665746e955230ea000001,14.53,3400.0,-14352.751381999991,35049.24861800001,2014-12-06 00:00:00
555665746e955230ea000001,15.23,3400.0,-14352.751381999991,37429.24861800001,2014-12-08 00:00:00
555665746e955230ea000001,13.71,3400.0,-14352.751381999991,32261.24861800001,2014-12-09 00:00:00
555665746e955230ea000001,14.19,3500.0,-15771.751381999991,33893.24861800001,2014-12-10 00:00:00
555665746e955230ea000001,13.92,3500.0,-15771.751381999991,32948.24861800001,2014-12-11 00:00:00
555665746e955230ea000001,13.94,3600.0,-17165.75138199999,33018.24861800001,2014-12-12 00:00:00
555665746e955230ea000001,13.58,3600.0,-17165.75138199999,31722.24861800001,2014-12-15 00:00:00
555665746e955230ea000001,14.39,3700.0,-18604.75138199999,34638.24861800001,2014-12-16 00:00:00
555665746e955230ea000001,15.36,3700.0,-18604.75138199999,38227.24861800001,2014-12-17 00:00:00
555665746e955230ea000001,14.89,3800.0,-20093.75138199999,36488.24861800001,2014-12-18 00:00:00
555665746e955230ea000001,15.0,3800.0,-20093.75138199999,36906.24861800001,2014-12-19 00:00:00
555665746e955230ea000001,15.0,3700.0,-18593.75138199999,36906.24861800001,2014-12-20 00:00:00
555665746e955230ea000001,15.34,3700.0,-18593.75138199999,38164.24861800001,2014-12-22 00:00:00
555665746e955230ea000001,14.75,3600.0,-17118.75138199999,35981.24861800001,2014-12-23 00:00:00
555665746e955230ea000001,14.07,3600.0,-17118.75138199999,33533.24861800001,2014-12-24 00:00:00
555665746e955230ea000001,14.69,3500.0,-15649.751381999991,35765.24861800001,2014-12-25 00:00:00
555665746e955230ea000001,15.1,3400.0,-14139.751381999991,37200.24861800001,2014-12-26 00:00:00
555665746e955230ea000001,15.1,3500.0,-15649.751381999991,37200.24861800001,2014-12-27 00:00:00
555665746e955230ea000001,14.92,3500.0,-15649.751381999991,36570.24861800001,2014-12-29 00:00:00
555665746e955230ea000001,15.5,3500.0,-15649.751381999991,38600.24861800001,2014-12-30 00:00:00
555665746e955230ea000001,15.84,3500.0,-15649.751381999991,39790.24861800001,2014-12-31 00:00:00
555665746e955230ea000001,15.84,3400.0,-14065.751381999991,39790.24861800001,2015-01-01 00:00:00
555665746e955230ea000001,16.02,3400.0,-14065.751381999991,40402.24861800001,2015-01-05 00:00:00
555665746e955230ea000001,15.78,3400.0,-14065.751381999991,39586.24861800001,2015-01-06 00:00:00
555665746e955230ea000001,15.48,3400.0,-14065.751381999991,38566.24861800001,2015-01-07 00:00:00
555665746e955230ea000001,14.96,3300.0,-12569.751381999991,36798.24861800001,2015-01-08 00:00:00
555665746e955230ea000001,14.96,3200.0,-11073.751381999991,36798.24861800001,2015-01-09 00:00:00
555665746e955230ea000001,15.08,3300.0,-12581.751381999991,37182.24861800001,2015-01-10 00:00:00
555665746e955230ea000001,14.77,3300.0,-12581.751381999991,36159.24861800001,2015-01-12 00:00:00
555665746e955230ea000001,14.68,3200.0,-11113.751381999991,35862.24861800001,2015-01-13 00:00:00
555665746e955230ea000001,14.68,3100.0,-9645.751381999991,35862.24861800001,2015-01-14 00:00:00
555665746e955230ea000001,15.35,3100.0,-9645.751381999991,37939.24861800001,2015-01-15 00:00:00
555665746e955230ea000001,15.37,3000.0,-8108.751381999991,38001.24861800001,2015-01-16 00:00:00
555665746e955230ea000001,13.83,3000.0,-8108.751381999991,33381.24861800001,2015-01-19 00:00:00
555665746e955230ea000001,13.83,2900.0,-6725.751381999991,33381.24861800001,2015-01-20 00:00:00
555665746e955230ea000001,14.42,2900.0,-6725.751381999991,35092.24861800001,2015-01-21 00:00:00
555665746e955230ea000001,14.3,2800.0,-5295.751381999991,34744.24861800001,2015-01-22 00:00:00
555665746e955230ea000001,14.3,2700.0,-3865.7513819999913,34744.24861800001,2015-01-23 00:00:00
555665746e955230ea000001,14.4,2600.0,-2425.7513819999913,35014.24861800001,2015-01-24 00:00:00
555665746e955230ea000001,14.34,2600.0,-2425.7513819999913,34858.24861800001,2015-01-26 00:00:00
555665746e955230ea000001,13.99,2500.0,-1026.7513819999913,33948.24861800001,2015-01-27 00:00:00
555665746e955230ea000001,13.99,2400.0,372.2486180000087,33948.24861800001,2015-01-28 00:00:00
555665746e955230ea000001,14.06,2300.0,1778.2486180000087,34116.24861800001,2015-01-29 00:00:00
555665746e955230ea000001,13.93,2200.0,3171.2486180000087,33817.24861800001,2015-01-30 00:00:00
555665746e955230ea000001,13.93,2100.0,4564.248618000009,33817.24861800001,2015-01-31 00:00:00
555665746e955230ea000001,13.63,2100.0,4564.248618000009,33187.24861800001,2015-02-02 00:00:00
555665746e955230ea000001,13.95,2100.0,4564.248618000009,33859.24861800001,2015-02-03 00:00:00
555665746e955230ea000001,13.71,2100.0,4564.248618000009,33355.24861800001,2015-02-04 00:00:00
555665746e955230ea000001,13.79,2100.0,4564.248618000009,33523.24861800001,2015-02-05 00:00:00
555665746e955230ea000001,13.51,2100.0,4564.248618000009,32935.24861800001,2015-02-06 00:00:00
555665746e955230ea000001,13.52,2100.0,4564.248618000009,32956.24861800001,2015-02-09 00:00:00
555665746e955230ea000001,13.77,2100.0,4564.248618000009,33481.24861800001,2015-02-10 00:00:00
555665746e955230ea000001,13.73,2100.0,4564.248618000009,33397.24861800001,2015-02-11 00:00:00
555665746e955230ea000001,13.86,2100.0,4564.248618000009,33670.24861800001,2015-02-12 00:00:00
555665746e955230ea000001,13.95,2100.0,4564.248618000009,33859.24861800001,2015-02-13 00:00:00
555665746e955230ea000001,13.92,2100.0,4564.248618000009,33796.24861800001,2015-02-16 00:00:00
555665746e955230ea000001,13.99,2100.0,4564.248618000009,33943.24861800001,2015-02-17 00:00:00
555665746e955230ea000001,13.8,2100.0,4564.248618000009,33544.24861800001,2015-02-25 00:00:00
555665746e955230ea000001,14.07,2100.0,4564.248618000009,34111.24861800001,2015-02-26 00:00:00
555665746e955230ea000001,13.99,2100.0,4564.248618000009,33943.24861800001,2015-02-27 00:00:00
555665746e955230ea000001,14.03,2100.0,4564.248618000009,34027.24861800001,2015-03-02 00:00:00
555665746e955230ea000001,13.6,2100.0,4564.248618000009,33124.24861800001,2015-03-03 00:00:00
555665746e955230ea000001,13.57,2100.0,4564.248618000009,33061.24861800001,2015-03-04 00:00:00
555665746e955230ea000001,13.38,2100.0,4564.248618000009,32662.24861800001,2015-03-05 00:00:00
555665746e955230ea000001,13.44,2100.0,4564.248618000009,32788.24861800001,2015-03-06 00:00:00
555665746e955230ea000001,14.15,2100.0,4564.248618000009,34279.24861800001,2015-03-09 00:00:00
555665746e955230ea000001,13.77,2100.0,4564.248618000009,33481.24861800001,2015-03-10 00:00:00
555665746e955230ea000001,13.86,2100.0,4564.248618000009,33670.24861800001,2015-03-11 00:00:00
555665746e955230ea000001,14.6,2100.0,4564.248618000009,35224.24861800001,2015-03-12 00:00:00
555665746e955230ea000001,14.99,2100.0,4564.248618000009,36043.24861800001,2015-03-13 00:00:00
555665746e955230ea000001,15.41,2100.0,4564.248618000009,36925.24861800001,2015-03-16 00:00:00
555665746e955230ea000001,15.4,2100.0,4564.248618000009,36904.24861800001,2015-03-17 00:00:00
555665746e955230ea000001,15.51,2100.0,4564.248618000009,37135.24861800001,2015-03-18 00:00:00
555665746e955230ea000001,15.19,2100.0,4564.248618000009,36463.24861800001,2015-03-19 00:00:00
555665746e955230ea000001,15.32,2200.0,3032.2486180000087,36736.24861800001,2015-03-20 00:00:00
555665746e955230ea000001,15.32,2300.0,1500.2486180000087,36736.24861800001,2015-03-21 00:00:00
555665746e955230ea000001,15.43,2300.0,1500.2486180000087,36989.24861800001,2015-03-23 00:00:00
555665746e955230ea000001,15.35,2400.0,-34.75138199999128,36805.24861800001,2015-03-24 00:00:00
555665746e955230ea000001,15.35,2500.0,-1569.7513819999913,36805.24861800001,2015-03-25 00:00:00
555665746e955230ea000001,14.91,2600.0,-3060.7513819999913,35705.24861800001,2015-03-26 00:00:00
555665746e955230ea000001,15.11,2700.0,-4571.751381999991,36225.24861800001,2015-03-27 00:00:00
555665746e955230ea000001,15.08,2800.0,-6079.751381999991,36144.24861800001,2015-03-28 00:00:00
555665746e955230ea000001,15.66,2800.0,-6079.751381999991,37768.24861800001,2015-03-30 00:00:00
555665746e955230ea000001,15.75,2900.0,-7654.751381999991,38020.24861800001,2015-03-31 00:00:00
555665746e955230ea000001,15.75,3000.0,-9229.751381999991,38020.24861800001,2015-04-01 00:00:00
555665746e955230ea000001,15.8,3100.0,-10809.751381999991,38170.24861800001,2015-04-02 00:00:00
555665746e955230ea000001,15.8,3200.0,-12389.751381999991,38170.24861800001,2015-04-03 00:00:00
555665746e955230ea000001,16.81,3200.0,-12389.751381999991,41402.248618,2015-04-07 00:00:00
555665746e955230ea000001,17.92,3300.0,-14181.751381999991,44954.24861800001,2015-04-08 00:00:00
555665746e955230ea000001,17.92,3400.0,-15973.751381999991,44954.24861800001,2015-04-09 00:00:00
555665746e955230ea000001,18.0,3500.0,-17773.75138199999,45226.24861800001,2015-04-10 00:00:00
555665746e955230ea000001,19.8,3600.0,-19753.75138199999,51526.24861800001,2015-04-11 00:00:00
555665746e955230ea000001,16.54,3600.0,-19753.75138199999,39790.24861800001,2015-04-13 00:00:00
555665746e955230ea000001,16.3,3700.0,-21383.75138199999,38926.24861800001,2015-04-14 00:00:00
555665746e955230ea000001,16.3,3800.0,-23013.75138199999,38926.24861800001,2015-04-15 00:00:00
555665746e955230ea000001,17.0,3800.0,-23013.75138199999,41586.24861800001,2015-04-16 00:00:00
555665746e955230ea000001,16.93,3900.0,-24706.75138199999,41320.24861800001,2015-04-17 00:00:00
555665746e955230ea000001,16.93,4000.0,-26399.75138199999,41320.24861800001,2015-04-18 00:00:00
